Country,Year,Week,Age,Deaths
Peru,2016,52,0,17
Peru,2016,52,5,1
Peru,2016,52,10,1
Peru,2016,52,15,3
Peru,2016,52,20,10
Peru,2016,52,25,12
Peru,2016,52,30,5
Peru,2016,52,35,8
Peru,2016,52,40,13
Peru,2016,52,45,11
Peru,2016,52,50,13
Peru,2016,52,55,11
Peru,2016,52,60,16
Peru,2016,52,65,23
Peru,2016,52,70,24
Peru,2016,52,75,24
Peru,2016,52,80,25
Peru,2016,52,85,26
Peru,2016,52,90,14
Peru,2016,52,95,13
Peru,2017,1,0,93
Peru,2017,1,5,13
Peru,2017,1,10,6
Peru,2017,1,15,17
Peru,2017,1,20,21
Peru,2017,1,25,27
Peru,2017,1,30,35
Peru,2017,1,35,43
Peru,2017,1,40,61
Peru,2017,1,45,51
Peru,2017,1,50,60
Peru,2017,1,55,86
Peru,2017,1,60,91
Peru,2017,1,65,102
Peru,2017,1,70,149
Peru,2017,1,75,154
Peru,2017,1,80,219
Peru,2017,1,85,186
Peru,2017,1,90,109
Peru,2017,1,95,61
Peru,2017,2,0,79
Peru,2017,2,5,9
Peru,2017,2,10,9
Peru,2017,2,15,20
Peru,2017,2,20,40
Peru,2017,2,25,33
Peru,2017,2,30,35
Peru,2017,2,35,44
Peru,2017,2,40,46
Peru,2017,2,45,70
Peru,2017,2,50,66
Peru,2017,2,55,84
Peru,2017,2,60,92
Peru,2017,2,65,125
Peru,2017,2,70,145
Peru,2017,2,75,175
Peru,2017,2,80,199
Peru,2017,2,85,204
Peru,2017,2,90,148
Peru,2017,2,95,46
Peru,2017,2,NA,2
Peru,2017,3,0,99
Peru,2017,3,5,10
Peru,2017,3,10,10
Peru,2017,3,15,28
Peru,2017,3,20,40
Peru,2017,3,25,36
Peru,2017,3,30,37
Peru,2017,3,35,41
Peru,2017,3,40,58
Peru,2017,3,45,56
Peru,2017,3,50,67
Peru,2017,3,55,81
Peru,2017,3,60,105
Peru,2017,3,65,121
Peru,2017,3,70,156
Peru,2017,3,75,179
Peru,2017,3,80,219
Peru,2017,3,85,206
Peru,2017,3,90,134
Peru,2017,3,95,55
Peru,2017,3,NA,1
Peru,2017,4,0,84
Peru,2017,4,5,11
Peru,2017,4,10,19
Peru,2017,4,15,34
Peru,2017,4,20,27
Peru,2017,4,25,34
Peru,2017,4,30,34
Peru,2017,4,35,40
Peru,2017,4,40,69
Peru,2017,4,45,69
Peru,2017,4,50,75
Peru,2017,4,55,78
Peru,2017,4,60,89
Peru,2017,4,65,130
Peru,2017,4,70,161
Peru,2017,4,75,208
Peru,2017,4,80,217
Peru,2017,4,85,185
Peru,2017,4,90,127
Peru,2017,4,95,68
Peru,2017,4,NA,2
Peru,2017,5,0,101
Peru,2017,5,5,9
Peru,2017,5,10,14
Peru,2017,5,15,15
Peru,2017,5,20,42
Peru,2017,5,25,30
Peru,2017,5,30,28
Peru,2017,5,35,45
Peru,2017,5,40,56
Peru,2017,5,45,74
Peru,2017,5,50,87
Peru,2017,5,55,105
Peru,2017,5,60,94
Peru,2017,5,65,137
Peru,2017,5,70,189
Peru,2017,5,75,201
Peru,2017,5,80,219
Peru,2017,5,85,222
Peru,2017,5,90,145
Peru,2017,5,95,66
Peru,2017,6,0,107
Peru,2017,6,5,9
Peru,2017,6,10,10
Peru,2017,6,15,22
Peru,2017,6,20,46
Peru,2017,6,25,28
Peru,2017,6,30,38
Peru,2017,6,35,44
Peru,2017,6,40,60
Peru,2017,6,45,59
Peru,2017,6,50,65
Peru,2017,6,55,93
Peru,2017,6,60,108
Peru,2017,6,65,123
Peru,2017,6,70,144
Peru,2017,6,75,128
Peru,2017,6,80,217
Peru,2017,6,85,196
Peru,2017,6,90,122
Peru,2017,6,95,63
Peru,2017,7,0,95
Peru,2017,7,5,15
Peru,2017,7,10,13
Peru,2017,7,15,21
Peru,2017,7,20,40
Peru,2017,7,25,42
Peru,2017,7,30,43
Peru,2017,7,35,32
Peru,2017,7,40,57
Peru,2017,7,45,65
Peru,2017,7,50,81
Peru,2017,7,55,75
Peru,2017,7,60,93
Peru,2017,7,65,136
Peru,2017,7,70,160
Peru,2017,7,75,165
Peru,2017,7,80,210
Peru,2017,7,85,181
Peru,2017,7,90,124
Peru,2017,7,95,66
Peru,2017,8,0,122
Peru,2017,8,5,19
Peru,2017,8,10,17
Peru,2017,8,15,22
Peru,2017,8,20,28
Peru,2017,8,25,36
Peru,2017,8,30,39
Peru,2017,8,35,61
Peru,2017,8,40,56
Peru,2017,8,45,60
Peru,2017,8,50,72
Peru,2017,8,55,101
Peru,2017,8,60,115
Peru,2017,8,65,119
Peru,2017,8,70,161
Peru,2017,8,75,197
Peru,2017,8,80,248
Peru,2017,8,85,239
Peru,2017,8,90,155
Peru,2017,8,95,64
Peru,2017,8,NA,2
Peru,2017,9,0,121
Peru,2017,9,5,21
Peru,2017,9,10,17
Peru,2017,9,15,29
Peru,2017,9,20,37
Peru,2017,9,25,37
Peru,2017,9,30,57
Peru,2017,9,35,43
Peru,2017,9,40,42
Peru,2017,9,45,82
Peru,2017,9,50,88
Peru,2017,9,55,81
Peru,2017,9,60,119
Peru,2017,9,65,160
Peru,2017,9,70,178
Peru,2017,9,75,227
Peru,2017,9,80,246
Peru,2017,9,85,231
Peru,2017,9,90,163
Peru,2017,9,95,75
Peru,2017,9,NA,1
Peru,2017,10,0,95
Peru,2017,10,5,18
Peru,2017,10,10,15
Peru,2017,10,15,37
Peru,2017,10,20,31
Peru,2017,10,25,31
Peru,2017,10,30,28
Peru,2017,10,35,32
Peru,2017,10,40,55
Peru,2017,10,45,67
Peru,2017,10,50,76
Peru,2017,10,55,83
Peru,2017,10,60,110
Peru,2017,10,65,137
Peru,2017,10,70,145
Peru,2017,10,75,192
Peru,2017,10,80,227
Peru,2017,10,85,246
Peru,2017,10,90,147
Peru,2017,10,95,66
Peru,2017,10,NA,1
Peru,2017,11,0,112
Peru,2017,11,5,17
Peru,2017,11,10,6
Peru,2017,11,15,18
Peru,2017,11,20,39
Peru,2017,11,25,30
Peru,2017,11,30,38
Peru,2017,11,35,48
Peru,2017,11,40,48
Peru,2017,11,45,64
Peru,2017,11,50,73
Peru,2017,11,55,103
Peru,2017,11,60,101
Peru,2017,11,65,157
Peru,2017,11,70,164
Peru,2017,11,75,215
Peru,2017,11,80,263
Peru,2017,11,85,211
Peru,2017,11,90,149
Peru,2017,11,95,68
Peru,2017,11,NA,7
Peru,2017,12,0,94
Peru,2017,12,5,13
Peru,2017,12,10,18
Peru,2017,12,15,19
Peru,2017,12,20,33
Peru,2017,12,25,30
Peru,2017,12,30,27
Peru,2017,12,35,48
Peru,2017,12,40,55
Peru,2017,12,45,45
Peru,2017,12,50,81
Peru,2017,12,55,111
Peru,2017,12,60,111
Peru,2017,12,65,131
Peru,2017,12,70,167
Peru,2017,12,75,199
Peru,2017,12,80,251
Peru,2017,12,85,244
Peru,2017,12,90,157
Peru,2017,12,95,76
Peru,2017,12,NA,1
Peru,2017,13,0,100
Peru,2017,13,5,13
Peru,2017,13,10,18
Peru,2017,13,15,17
Peru,2017,13,20,28
Peru,2017,13,25,29
Peru,2017,13,30,40
Peru,2017,13,35,42
Peru,2017,13,40,45
Peru,2017,13,45,65
Peru,2017,13,50,85
Peru,2017,13,55,75
Peru,2017,13,60,114
Peru,2017,13,65,142
Peru,2017,13,70,158
Peru,2017,13,75,209
Peru,2017,13,80,208
Peru,2017,13,85,192
Peru,2017,13,90,141
Peru,2017,13,95,67
Peru,2017,14,0,115
Peru,2017,14,5,8
Peru,2017,14,10,8
Peru,2017,14,15,20
Peru,2017,14,20,32
Peru,2017,14,25,35
Peru,2017,14,30,27
Peru,2017,14,35,38
Peru,2017,14,40,44
Peru,2017,14,45,47
Peru,2017,14,50,86
Peru,2017,14,55,83
Peru,2017,14,60,119
Peru,2017,14,65,125
Peru,2017,14,70,159
Peru,2017,14,75,191
Peru,2017,14,80,222
Peru,2017,14,85,206
Peru,2017,14,90,138
Peru,2017,14,95,62
Peru,2017,14,NA,1
Peru,2017,15,0,114
Peru,2017,15,5,15
Peru,2017,15,10,16
Peru,2017,15,15,26
Peru,2017,15,20,25
Peru,2017,15,25,31
Peru,2017,15,30,38
Peru,2017,15,35,44
Peru,2017,15,40,44
Peru,2017,15,45,59
Peru,2017,15,50,71
Peru,2017,15,55,117
Peru,2017,15,60,102
Peru,2017,15,65,125
Peru,2017,15,70,152
Peru,2017,15,75,168
Peru,2017,15,80,208
Peru,2017,15,85,201
Peru,2017,15,90,133
Peru,2017,15,95,68
Peru,2017,15,NA,1
Peru,2017,16,0,112
Peru,2017,16,5,4
Peru,2017,16,10,7
Peru,2017,16,15,25
Peru,2017,16,20,27
Peru,2017,16,25,36
Peru,2017,16,30,41
Peru,2017,16,35,42
Peru,2017,16,40,55
Peru,2017,16,45,55
Peru,2017,16,50,75
Peru,2017,16,55,90
Peru,2017,16,60,127
Peru,2017,16,65,115
Peru,2017,16,70,135
Peru,2017,16,75,209
Peru,2017,16,80,240
Peru,2017,16,85,203
Peru,2017,16,90,149
Peru,2017,16,95,57
Peru,2017,16,NA,1
Peru,2017,17,0,99
Peru,2017,17,5,7
Peru,2017,17,10,11
Peru,2017,17,15,19
Peru,2017,17,20,38
Peru,2017,17,25,30
Peru,2017,17,30,36
Peru,2017,17,35,53
Peru,2017,17,40,58
Peru,2017,17,45,67
Peru,2017,17,50,52
Peru,2017,17,55,77
Peru,2017,17,60,103
Peru,2017,17,65,106
Peru,2017,17,70,151
Peru,2017,17,75,177
Peru,2017,17,80,210
Peru,2017,17,85,209
Peru,2017,17,90,117
Peru,2017,17,95,64
Peru,2017,17,NA,1
Peru,2017,18,0,102
Peru,2017,18,5,18
Peru,2017,18,10,9
Peru,2017,18,15,25
Peru,2017,18,20,45
Peru,2017,18,25,31
Peru,2017,18,30,30
Peru,2017,18,35,38
Peru,2017,18,40,55
Peru,2017,18,45,73
Peru,2017,18,50,70
Peru,2017,18,55,107
Peru,2017,18,60,100
Peru,2017,18,65,118
Peru,2017,18,70,161
Peru,2017,18,75,189
Peru,2017,18,80,223
Peru,2017,18,85,210
Peru,2017,18,90,114
Peru,2017,18,95,63
Peru,2017,19,0,102
Peru,2017,19,5,15
Peru,2017,19,10,5
Peru,2017,19,15,24
Peru,2017,19,20,29
Peru,2017,19,25,27
Peru,2017,19,30,36
Peru,2017,19,35,39
Peru,2017,19,40,56
Peru,2017,19,45,55
Peru,2017,19,50,84
Peru,2017,19,55,76
Peru,2017,19,60,100
Peru,2017,19,65,107
Peru,2017,19,70,177
Peru,2017,19,75,193
Peru,2017,19,80,224
Peru,2017,19,85,188
Peru,2017,19,90,147
Peru,2017,19,95,64
Peru,2017,19,NA,1
Peru,2017,20,0,107
Peru,2017,20,5,13
Peru,2017,20,10,9
Peru,2017,20,15,25
Peru,2017,20,20,26
Peru,2017,20,25,39
Peru,2017,20,30,40
Peru,2017,20,35,43
Peru,2017,20,40,57
Peru,2017,20,45,77
Peru,2017,20,50,89
Peru,2017,20,55,98
Peru,2017,20,60,105
Peru,2017,20,65,134
Peru,2017,20,70,171
Peru,2017,20,75,197
Peru,2017,20,80,218
Peru,2017,20,85,195
Peru,2017,20,90,112
Peru,2017,20,95,57
Peru,2017,21,0,122
Peru,2017,21,5,12
Peru,2017,21,10,14
Peru,2017,21,15,25
Peru,2017,21,20,38
Peru,2017,21,25,30
Peru,2017,21,30,48
Peru,2017,21,35,39
Peru,2017,21,40,49
Peru,2017,21,45,60
Peru,2017,21,50,78
Peru,2017,21,55,101
Peru,2017,21,60,113
Peru,2017,21,65,131
Peru,2017,21,70,150
Peru,2017,21,75,179
Peru,2017,21,80,206
Peru,2017,21,85,227
Peru,2017,21,90,131
Peru,2017,21,95,56
Peru,2017,21,NA,2
Peru,2017,22,0,100
Peru,2017,22,5,9
Peru,2017,22,10,9
Peru,2017,22,15,17
Peru,2017,22,20,35
Peru,2017,22,25,28
Peru,2017,22,30,46
Peru,2017,22,35,48
Peru,2017,22,40,39
Peru,2017,22,45,68
Peru,2017,22,50,80
Peru,2017,22,55,96
Peru,2017,22,60,102
Peru,2017,22,65,118
Peru,2017,22,70,168
Peru,2017,22,75,189
Peru,2017,22,80,248
Peru,2017,22,85,192
Peru,2017,22,90,136
Peru,2017,22,95,54
Peru,2017,23,0,114
Peru,2017,23,5,6
Peru,2017,23,10,21
Peru,2017,23,15,23
Peru,2017,23,20,35
Peru,2017,23,25,32
Peru,2017,23,30,39
Peru,2017,23,35,44
Peru,2017,23,40,46
Peru,2017,23,45,68
Peru,2017,23,50,74
Peru,2017,23,55,93
Peru,2017,23,60,107
Peru,2017,23,65,125
Peru,2017,23,70,160
Peru,2017,23,75,233
Peru,2017,23,80,241
Peru,2017,23,85,249
Peru,2017,23,90,158
Peru,2017,23,95,65
Peru,2017,24,0,101
Peru,2017,24,5,6
Peru,2017,24,10,10
Peru,2017,24,15,14
Peru,2017,24,20,33
Peru,2017,24,25,34
Peru,2017,24,30,37
Peru,2017,24,35,42
Peru,2017,24,40,58
Peru,2017,24,45,59
Peru,2017,24,50,72
Peru,2017,24,55,75
Peru,2017,24,60,111
Peru,2017,24,65,153
Peru,2017,24,70,161
Peru,2017,24,75,203
Peru,2017,24,80,242
Peru,2017,24,85,218
Peru,2017,24,90,151
Peru,2017,24,95,59
Peru,2017,25,0,105
Peru,2017,25,5,9
Peru,2017,25,10,12
Peru,2017,25,15,23
Peru,2017,25,20,34
Peru,2017,25,25,32
Peru,2017,25,30,35
Peru,2017,25,35,43
Peru,2017,25,40,59
Peru,2017,25,45,62
Peru,2017,25,50,85
Peru,2017,25,55,92
Peru,2017,25,60,118
Peru,2017,25,65,153
Peru,2017,25,70,176
Peru,2017,25,75,198
Peru,2017,25,80,237
Peru,2017,25,85,218
Peru,2017,25,90,150
Peru,2017,25,95,74
Peru,2017,25,NA,3
Peru,2017,26,0,86
Peru,2017,26,5,9
Peru,2017,26,10,12
Peru,2017,26,15,23
Peru,2017,26,20,42
Peru,2017,26,25,33
Peru,2017,26,30,48
Peru,2017,26,35,49
Peru,2017,26,40,49
Peru,2017,26,45,59
Peru,2017,26,50,93
Peru,2017,26,55,103
Peru,2017,26,60,122
Peru,2017,26,65,118
Peru,2017,26,70,176
Peru,2017,26,75,251
Peru,2017,26,80,253
Peru,2017,26,85,242
Peru,2017,26,90,130
Peru,2017,26,95,65
Peru,2017,26,NA,2
Peru,2017,27,0,104
Peru,2017,27,5,12
Peru,2017,27,10,5
Peru,2017,27,15,25
Peru,2017,27,20,41
Peru,2017,27,25,41
Peru,2017,27,30,42
Peru,2017,27,35,47
Peru,2017,27,40,47
Peru,2017,27,45,68
Peru,2017,27,50,75
Peru,2017,27,55,102
Peru,2017,27,60,119
Peru,2017,27,65,132
Peru,2017,27,70,209
Peru,2017,27,75,224
Peru,2017,27,80,267
Peru,2017,27,85,221
Peru,2017,27,90,144
Peru,2017,27,95,79
Peru,2017,27,NA,5
Peru,2017,28,0,119
Peru,2017,28,5,12
Peru,2017,28,10,8
Peru,2017,28,15,18
Peru,2017,28,20,34
Peru,2017,28,25,41
Peru,2017,28,30,43
Peru,2017,28,35,40
Peru,2017,28,40,44
Peru,2017,28,45,68
Peru,2017,28,50,76
Peru,2017,28,55,75
Peru,2017,28,60,138
Peru,2017,28,65,139
Peru,2017,28,70,178
Peru,2017,28,75,216
Peru,2017,28,80,225
Peru,2017,28,85,227
Peru,2017,28,90,143
Peru,2017,28,95,76
Peru,2017,28,NA,2
Peru,2017,29,0,108
Peru,2017,29,5,16
Peru,2017,29,10,8
Peru,2017,29,15,21
Peru,2017,29,20,32
Peru,2017,29,25,46
Peru,2017,29,30,29
Peru,2017,29,35,35
Peru,2017,29,40,55
Peru,2017,29,45,57
Peru,2017,29,50,80
Peru,2017,29,55,84
Peru,2017,29,60,134
Peru,2017,29,65,149
Peru,2017,29,70,178
Peru,2017,29,75,212
Peru,2017,29,80,250
Peru,2017,29,85,243
Peru,2017,29,90,150
Peru,2017,29,95,69
Peru,2017,29,NA,1
Peru,2017,30,0,97
Peru,2017,30,5,5
Peru,2017,30,10,20
Peru,2017,30,15,21
Peru,2017,30,20,25
Peru,2017,30,25,43
Peru,2017,30,30,40
Peru,2017,30,35,45
Peru,2017,30,40,59
Peru,2017,30,45,69
Peru,2017,30,50,91
Peru,2017,30,55,104
Peru,2017,30,60,113
Peru,2017,30,65,132
Peru,2017,30,70,184
Peru,2017,30,75,200
Peru,2017,30,80,242
Peru,2017,30,85,228
Peru,2017,30,90,195
Peru,2017,30,95,90
Peru,2017,30,NA,1
Peru,2017,31,0,91
Peru,2017,31,5,10
Peru,2017,31,10,24
Peru,2017,31,15,25
Peru,2017,31,20,41
Peru,2017,31,25,36
Peru,2017,31,30,46
Peru,2017,31,35,41
Peru,2017,31,40,64
Peru,2017,31,45,65
Peru,2017,31,50,78
Peru,2017,31,55,88
Peru,2017,31,60,103
Peru,2017,31,65,129
Peru,2017,31,70,177
Peru,2017,31,75,210
Peru,2017,31,80,248
Peru,2017,31,85,222
Peru,2017,31,90,149
Peru,2017,31,95,82
Peru,2017,31,NA,1
Peru,2017,32,0,95
Peru,2017,32,5,12
Peru,2017,32,10,16
Peru,2017,32,15,21
Peru,2017,32,20,36
Peru,2017,32,25,41
Peru,2017,32,30,36
Peru,2017,32,35,54
Peru,2017,32,40,54
Peru,2017,32,45,64
Peru,2017,32,50,75
Peru,2017,32,55,93
Peru,2017,32,60,127
Peru,2017,32,65,127
Peru,2017,32,70,192
Peru,2017,32,75,211
Peru,2017,32,80,271
Peru,2017,32,85,226
Peru,2017,32,90,137
Peru,2017,32,95,74
Peru,2017,33,0,88
Peru,2017,33,5,12
Peru,2017,33,10,7
Peru,2017,33,15,21
Peru,2017,33,20,40
Peru,2017,33,25,34
Peru,2017,33,30,28
Peru,2017,33,35,51
Peru,2017,33,40,48
Peru,2017,33,45,63
Peru,2017,33,50,79
Peru,2017,33,55,84
Peru,2017,33,60,119
Peru,2017,33,65,141
Peru,2017,33,70,148
Peru,2017,33,75,202
Peru,2017,33,80,257
Peru,2017,33,85,247
Peru,2017,33,90,175
Peru,2017,33,95,67
Peru,2017,33,NA,2
Peru,2017,34,0,96
Peru,2017,34,5,12
Peru,2017,34,10,7
Peru,2017,34,15,22
Peru,2017,34,20,27
Peru,2017,34,25,35
Peru,2017,34,30,34
Peru,2017,34,35,38
Peru,2017,34,40,58
Peru,2017,34,45,82
Peru,2017,34,50,74
Peru,2017,34,55,91
Peru,2017,34,60,121
Peru,2017,34,65,143
Peru,2017,34,70,173
Peru,2017,34,75,223
Peru,2017,34,80,270
Peru,2017,34,85,236
Peru,2017,34,90,132
Peru,2017,34,95,94
Peru,2017,34,NA,2
Peru,2017,35,0,94
Peru,2017,35,5,7
Peru,2017,35,10,12
Peru,2017,35,15,28
Peru,2017,35,20,32
Peru,2017,35,25,42
Peru,2017,35,30,26
Peru,2017,35,35,43
Peru,2017,35,40,55
Peru,2017,35,45,67
Peru,2017,35,50,79
Peru,2017,35,55,96
Peru,2017,35,60,101
Peru,2017,35,65,158
Peru,2017,35,70,197
Peru,2017,35,75,222
Peru,2017,35,80,261
Peru,2017,35,85,221
Peru,2017,35,90,154
Peru,2017,35,95,73
Peru,2017,35,NA,3
Peru,2017,36,0,113
Peru,2017,36,5,17
Peru,2017,36,10,13
Peru,2017,36,15,25
Peru,2017,36,20,29
Peru,2017,36,25,42
Peru,2017,36,30,44
Peru,2017,36,35,50
Peru,2017,36,40,58
Peru,2017,36,45,59
Peru,2017,36,50,97
Peru,2017,36,55,101
Peru,2017,36,60,112
Peru,2017,36,65,147
Peru,2017,36,70,191
Peru,2017,36,75,192
Peru,2017,36,80,272
Peru,2017,36,85,236
Peru,2017,36,90,144
Peru,2017,36,95,85
Peru,2017,36,NA,2
Peru,2017,37,0,89
Peru,2017,37,5,10
Peru,2017,37,10,14
Peru,2017,37,15,12
Peru,2017,37,20,46
Peru,2017,37,25,34
Peru,2017,37,30,35
Peru,2017,37,35,49
Peru,2017,37,40,57
Peru,2017,37,45,80
Peru,2017,37,50,86
Peru,2017,37,55,100
Peru,2017,37,60,139
Peru,2017,37,65,163
Peru,2017,37,70,176
Peru,2017,37,75,220
Peru,2017,37,80,263
Peru,2017,37,85,250
Peru,2017,37,90,148
Peru,2017,37,95,85
Peru,2017,37,NA,2
Peru,2017,38,0,90
Peru,2017,38,5,13
Peru,2017,38,10,10
Peru,2017,38,15,28
Peru,2017,38,20,39
Peru,2017,38,25,28
Peru,2017,38,30,30
Peru,2017,38,35,44
Peru,2017,38,40,52
Peru,2017,38,45,76
Peru,2017,38,50,77
Peru,2017,38,55,101
Peru,2017,38,60,137
Peru,2017,38,65,134
Peru,2017,38,70,209
Peru,2017,38,75,221
Peru,2017,38,80,255
Peru,2017,38,85,243
Peru,2017,38,90,164
Peru,2017,38,95,61
Peru,2017,38,NA,2
Peru,2017,39,0,111
Peru,2017,39,5,12
Peru,2017,39,10,11
Peru,2017,39,15,21
Peru,2017,39,20,32
Peru,2017,39,25,51
Peru,2017,39,30,38
Peru,2017,39,35,43
Peru,2017,39,40,54
Peru,2017,39,45,66
Peru,2017,39,50,86
Peru,2017,39,55,114
Peru,2017,39,60,134
Peru,2017,39,65,176
Peru,2017,39,70,176
Peru,2017,39,75,216
Peru,2017,39,80,247
Peru,2017,39,85,246
Peru,2017,39,90,175
Peru,2017,39,95,70
Peru,2017,40,0,109
Peru,2017,40,5,8
Peru,2017,40,10,13
Peru,2017,40,15,28
Peru,2017,40,20,32
Peru,2017,40,25,32
Peru,2017,40,30,43
Peru,2017,40,35,34
Peru,2017,40,40,58
Peru,2017,40,45,60
Peru,2017,40,50,88
Peru,2017,40,55,93
Peru,2017,40,60,117
Peru,2017,40,65,140
Peru,2017,40,70,175
Peru,2017,40,75,194
Peru,2017,40,80,263
Peru,2017,40,85,237
Peru,2017,40,90,171
Peru,2017,40,95,72
Peru,2017,40,NA,2
Peru,2017,41,0,107
Peru,2017,41,5,9
Peru,2017,41,10,9
Peru,2017,41,15,21
Peru,2017,41,20,21
Peru,2017,41,25,34
Peru,2017,41,30,39
Peru,2017,41,35,52
Peru,2017,41,40,54
Peru,2017,41,45,62
Peru,2017,41,50,108
Peru,2017,41,55,122
Peru,2017,41,60,127
Peru,2017,41,65,141
Peru,2017,41,70,168
Peru,2017,41,75,257
Peru,2017,41,80,247
Peru,2017,41,85,256
Peru,2017,41,90,168
Peru,2017,41,95,74
Peru,2017,42,0,112
Peru,2017,42,5,8
Peru,2017,42,10,12
Peru,2017,42,15,20
Peru,2017,42,20,46
Peru,2017,42,25,36
Peru,2017,42,30,41
Peru,2017,42,35,54
Peru,2017,42,40,55
Peru,2017,42,45,57
Peru,2017,42,50,92
Peru,2017,42,55,103
Peru,2017,42,60,120
Peru,2017,42,65,162
Peru,2017,42,70,197
Peru,2017,42,75,204
Peru,2017,42,80,268
Peru,2017,42,85,233
Peru,2017,42,90,173
Peru,2017,42,95,75
Peru,2017,43,0,108
Peru,2017,43,5,15
Peru,2017,43,10,16
Peru,2017,43,15,25
Peru,2017,43,20,36
Peru,2017,43,25,45
Peru,2017,43,30,42
Peru,2017,43,35,51
Peru,2017,43,40,58
Peru,2017,43,45,57
Peru,2017,43,50,79
Peru,2017,43,55,98
Peru,2017,43,60,130
Peru,2017,43,65,163
Peru,2017,43,70,180
Peru,2017,43,75,202
Peru,2017,43,80,248
Peru,2017,43,85,255
Peru,2017,43,90,156
Peru,2017,43,95,78
Peru,2017,44,0,126
Peru,2017,44,5,14
Peru,2017,44,10,14
Peru,2017,44,15,22
Peru,2017,44,20,29
Peru,2017,44,25,20
Peru,2017,44,30,40
Peru,2017,44,35,38
Peru,2017,44,40,55
Peru,2017,44,45,58
Peru,2017,44,50,83
Peru,2017,44,55,99
Peru,2017,44,60,124
Peru,2017,44,65,159
Peru,2017,44,70,204
Peru,2017,44,75,231
Peru,2017,44,80,257
Peru,2017,44,85,218
Peru,2017,44,90,153
Peru,2017,44,95,85
Peru,2017,45,0,118
Peru,2017,45,5,12
Peru,2017,45,10,14
Peru,2017,45,15,20
Peru,2017,45,20,35
Peru,2017,45,25,43
Peru,2017,45,30,41
Peru,2017,45,35,39
Peru,2017,45,40,61
Peru,2017,45,45,46
Peru,2017,45,50,82
Peru,2017,45,55,101
Peru,2017,45,60,120
Peru,2017,45,65,155
Peru,2017,45,70,178
Peru,2017,45,75,208
Peru,2017,45,80,273
Peru,2017,45,85,239
Peru,2017,45,90,160
Peru,2017,45,95,54
Peru,2017,45,NA,1
Peru,2017,46,0,102
Peru,2017,46,5,10
Peru,2017,46,10,10
Peru,2017,46,15,18
Peru,2017,46,20,28
Peru,2017,46,25,42
Peru,2017,46,30,37
Peru,2017,46,35,42
Peru,2017,46,40,44
Peru,2017,46,45,65
Peru,2017,46,50,89
Peru,2017,46,55,101
Peru,2017,46,60,105
Peru,2017,46,65,142
Peru,2017,46,70,175
Peru,2017,46,75,175
Peru,2017,46,80,236
Peru,2017,46,85,255
Peru,2017,46,90,131
Peru,2017,46,95,83
Peru,2017,46,NA,1
Peru,2017,47,0,126
Peru,2017,47,5,17
Peru,2017,47,10,12
Peru,2017,47,15,23
Peru,2017,47,20,47
Peru,2017,47,25,36
Peru,2017,47,30,40
Peru,2017,47,35,44
Peru,2017,47,40,68
Peru,2017,47,45,70
Peru,2017,47,50,83
Peru,2017,47,55,110
Peru,2017,47,60,126
Peru,2017,47,65,147
Peru,2017,47,70,180
Peru,2017,47,75,200
Peru,2017,47,80,248
Peru,2017,47,85,227
Peru,2017,47,90,152
Peru,2017,47,95,78
Peru,2017,47,NA,1
Peru,2017,48,0,116
Peru,2017,48,5,18
Peru,2017,48,10,6
Peru,2017,48,15,19
Peru,2017,48,20,30
Peru,2017,48,25,37
Peru,2017,48,30,33
Peru,2017,48,35,45
Peru,2017,48,40,55
Peru,2017,48,45,73
Peru,2017,48,50,77
Peru,2017,48,55,93
Peru,2017,48,60,114
Peru,2017,48,65,129
Peru,2017,48,70,181
Peru,2017,48,75,220
Peru,2017,48,80,247
Peru,2017,48,85,236
Peru,2017,48,90,153
Peru,2017,48,95,69
Peru,2017,49,0,106
Peru,2017,49,5,20
Peru,2017,49,10,12
Peru,2017,49,15,23
Peru,2017,49,20,39
Peru,2017,49,25,29
Peru,2017,49,30,48
Peru,2017,49,35,34
Peru,2017,49,40,48
Peru,2017,49,45,56
Peru,2017,49,50,83
Peru,2017,49,55,83
Peru,2017,49,60,122
Peru,2017,49,65,145
Peru,2017,49,70,169
Peru,2017,49,75,191
Peru,2017,49,80,238
Peru,2017,49,85,223
Peru,2017,49,90,128
Peru,2017,49,95,67
Peru,2017,49,NA,3
Peru,2017,50,0,102
Peru,2017,50,5,16
Peru,2017,50,10,9
Peru,2017,50,15,37
Peru,2017,50,20,41
Peru,2017,50,25,42
Peru,2017,50,30,44
Peru,2017,50,35,52
Peru,2017,50,40,56
Peru,2017,50,45,64
Peru,2017,50,50,90
Peru,2017,50,55,123
Peru,2017,50,60,120
Peru,2017,50,65,123
Peru,2017,50,70,185
Peru,2017,50,75,210
Peru,2017,50,80,267
Peru,2017,50,85,179
Peru,2017,50,90,137
Peru,2017,50,95,69
Peru,2017,50,NA,2
Peru,2017,51,0,104
Peru,2017,51,5,13
Peru,2017,51,10,19
Peru,2017,51,15,25
Peru,2017,51,20,41
Peru,2017,51,25,35
Peru,2017,51,30,41
Peru,2017,51,35,63
Peru,2017,51,40,59
Peru,2017,51,45,67
Peru,2017,51,50,89
Peru,2017,51,55,105
Peru,2017,51,60,108
Peru,2017,51,65,143
Peru,2017,51,70,164
Peru,2017,51,75,221
Peru,2017,51,80,233
Peru,2017,51,85,200
Peru,2017,51,90,144
Peru,2017,51,95,74
Peru,2017,51,NA,1
Peru,2017,52,0,125
Peru,2017,52,5,13
Peru,2017,52,10,17
Peru,2017,52,15,27
Peru,2017,52,20,40
Peru,2017,52,25,32
Peru,2017,52,30,41
Peru,2017,52,35,46
Peru,2017,52,40,48
Peru,2017,52,45,81
Peru,2017,52,50,90
Peru,2017,52,55,84
Peru,2017,52,60,120
Peru,2017,52,65,130
Peru,2017,52,70,167
Peru,2017,52,75,225
Peru,2017,52,80,246
Peru,2017,52,85,203
Peru,2017,52,90,158
Peru,2017,52,95,55
Peru,2018,1,0,101
Peru,2018,1,5,14
Peru,2018,1,10,14
Peru,2018,1,15,25
Peru,2018,1,20,39
Peru,2018,1,25,42
Peru,2018,1,30,38
Peru,2018,1,35,48
Peru,2018,1,40,70
Peru,2018,1,45,64
Peru,2018,1,50,88
Peru,2018,1,55,123
Peru,2018,1,60,116
Peru,2018,1,65,134
Peru,2018,1,70,174
Peru,2018,1,75,207
Peru,2018,1,80,254
Peru,2018,1,85,210
Peru,2018,1,90,155
Peru,2018,1,95,71
Peru,2018,1,NA,1
Peru,2018,2,0,131
Peru,2018,2,5,11
Peru,2018,2,10,13
Peru,2018,2,15,21
Peru,2018,2,20,33
Peru,2018,2,25,39
Peru,2018,2,30,51
Peru,2018,2,35,36
Peru,2018,2,40,60
Peru,2018,2,45,62
Peru,2018,2,50,100
Peru,2018,2,55,89
Peru,2018,2,60,128
Peru,2018,2,65,145
Peru,2018,2,70,160
Peru,2018,2,75,217
Peru,2018,2,80,234
Peru,2018,2,85,230
Peru,2018,2,90,133
Peru,2018,2,95,86
Peru,2018,2,NA,1
Peru,2018,3,0,104
Peru,2018,3,5,14
Peru,2018,3,10,19
Peru,2018,3,15,25
Peru,2018,3,20,35
Peru,2018,3,25,38
Peru,2018,3,30,38
Peru,2018,3,35,36
Peru,2018,3,40,70
Peru,2018,3,45,58
Peru,2018,3,50,89
Peru,2018,3,55,117
Peru,2018,3,60,113
Peru,2018,3,65,142
Peru,2018,3,70,188
Peru,2018,3,75,204
Peru,2018,3,80,207
Peru,2018,3,85,202
Peru,2018,3,90,150
Peru,2018,3,95,73
Peru,2018,4,0,121
Peru,2018,4,5,17
Peru,2018,4,10,17
Peru,2018,4,15,18
Peru,2018,4,20,38
Peru,2018,4,25,45
Peru,2018,4,30,43
Peru,2018,4,35,51
Peru,2018,4,40,57
Peru,2018,4,45,67
Peru,2018,4,50,106
Peru,2018,4,55,99
Peru,2018,4,60,105
Peru,2018,4,65,121
Peru,2018,4,70,166
Peru,2018,4,75,219
Peru,2018,4,80,211
Peru,2018,4,85,226
Peru,2018,4,90,147
Peru,2018,4,95,79
Peru,2018,5,0,100
Peru,2018,5,5,13
Peru,2018,5,10,14
Peru,2018,5,15,25
Peru,2018,5,20,31
Peru,2018,5,25,24
Peru,2018,5,30,46
Peru,2018,5,35,50
Peru,2018,5,40,48
Peru,2018,5,45,66
Peru,2018,5,50,78
Peru,2018,5,55,101
Peru,2018,5,60,94
Peru,2018,5,65,126
Peru,2018,5,70,177
Peru,2018,5,75,194
Peru,2018,5,80,242
Peru,2018,5,85,239
Peru,2018,5,90,149
Peru,2018,5,95,71
Peru,2018,6,0,96
Peru,2018,6,5,12
Peru,2018,6,10,20
Peru,2018,6,15,30
Peru,2018,6,20,38
Peru,2018,6,25,33
Peru,2018,6,30,45
Peru,2018,6,35,47
Peru,2018,6,40,60
Peru,2018,6,45,69
Peru,2018,6,50,94
Peru,2018,6,55,81
Peru,2018,6,60,143
Peru,2018,6,65,145
Peru,2018,6,70,167
Peru,2018,6,75,172
Peru,2018,6,80,243
Peru,2018,6,85,209
Peru,2018,6,90,140
Peru,2018,6,95,69
Peru,2018,6,NA,1
Peru,2018,7,0,115
Peru,2018,7,5,12
Peru,2018,7,10,14
Peru,2018,7,15,34
Peru,2018,7,20,40
Peru,2018,7,25,37
Peru,2018,7,30,38
Peru,2018,7,35,47
Peru,2018,7,40,55
Peru,2018,7,45,79
Peru,2018,7,50,76
Peru,2018,7,55,117
Peru,2018,7,60,126
Peru,2018,7,65,143
Peru,2018,7,70,169
Peru,2018,7,75,222
Peru,2018,7,80,247
Peru,2018,7,85,227
Peru,2018,7,90,155
Peru,2018,7,95,71
Peru,2018,8,0,113
Peru,2018,8,5,8
Peru,2018,8,10,15
Peru,2018,8,15,26
Peru,2018,8,20,31
Peru,2018,8,25,46
Peru,2018,8,30,30
Peru,2018,8,35,44
Peru,2018,8,40,56
Peru,2018,8,45,58
Peru,2018,8,50,91
Peru,2018,8,55,110
Peru,2018,8,60,117
Peru,2018,8,65,148
Peru,2018,8,70,186
Peru,2018,8,75,211
Peru,2018,8,80,225
Peru,2018,8,85,213
Peru,2018,8,90,153
Peru,2018,8,95,66
Peru,2018,8,NA,2
Peru,2018,9,0,106
Peru,2018,9,5,6
Peru,2018,9,10,17
Peru,2018,9,15,26
Peru,2018,9,20,43
Peru,2018,9,25,47
Peru,2018,9,30,38
Peru,2018,9,35,52
Peru,2018,9,40,41
Peru,2018,9,45,74
Peru,2018,9,50,89
Peru,2018,9,55,90
Peru,2018,9,60,117
Peru,2018,9,65,138
Peru,2018,9,70,186
Peru,2018,9,75,206
Peru,2018,9,80,220
Peru,2018,9,85,221
Peru,2018,9,90,172
Peru,2018,9,95,59
Peru,2018,10,0,125
Peru,2018,10,5,5
Peru,2018,10,10,9
Peru,2018,10,15,23
Peru,2018,10,20,34
Peru,2018,10,25,46
Peru,2018,10,30,30
Peru,2018,10,35,47
Peru,2018,10,40,64
Peru,2018,10,45,61
Peru,2018,10,50,86
Peru,2018,10,55,91
Peru,2018,10,60,120
Peru,2018,10,65,164
Peru,2018,10,70,171
Peru,2018,10,75,200
Peru,2018,10,80,220
Peru,2018,10,85,201
Peru,2018,10,90,133
Peru,2018,10,95,63
Peru,2018,11,0,101
Peru,2018,11,5,11
Peru,2018,11,10,13
Peru,2018,11,15,17
Peru,2018,11,20,37
Peru,2018,11,25,34
Peru,2018,11,30,38
Peru,2018,11,35,50
Peru,2018,11,40,53
Peru,2018,11,45,69
Peru,2018,11,50,90
Peru,2018,11,55,90
Peru,2018,11,60,126
Peru,2018,11,65,173
Peru,2018,11,70,162
Peru,2018,11,75,203
Peru,2018,11,80,265
Peru,2018,11,85,229
Peru,2018,11,90,144
Peru,2018,11,95,67
Peru,2018,12,0,94
Peru,2018,12,5,10
Peru,2018,12,10,10
Peru,2018,12,15,22
Peru,2018,12,20,30
Peru,2018,12,25,34
Peru,2018,12,30,45
Peru,2018,12,35,40
Peru,2018,12,40,57
Peru,2018,12,45,65
Peru,2018,12,50,77
Peru,2018,12,55,93
Peru,2018,12,60,110
Peru,2018,12,65,139
Peru,2018,12,70,177
Peru,2018,12,75,247
Peru,2018,12,80,251
Peru,2018,12,85,256
Peru,2018,12,90,144
Peru,2018,12,95,69
Peru,2018,13,0,120
Peru,2018,13,5,9
Peru,2018,13,10,25
Peru,2018,13,15,26
Peru,2018,13,20,41
Peru,2018,13,25,30
Peru,2018,13,30,50
Peru,2018,13,35,41
Peru,2018,13,40,51
Peru,2018,13,45,72
Peru,2018,13,50,94
Peru,2018,13,55,104
Peru,2018,13,60,123
Peru,2018,13,65,128
Peru,2018,13,70,182
Peru,2018,13,75,213
Peru,2018,13,80,240
Peru,2018,13,85,213
Peru,2018,13,90,137
Peru,2018,13,95,86
Peru,2018,14,0,124
Peru,2018,14,5,11
Peru,2018,14,10,8
Peru,2018,14,15,32
Peru,2018,14,20,33
Peru,2018,14,25,36
Peru,2018,14,30,45
Peru,2018,14,35,45
Peru,2018,14,40,59
Peru,2018,14,45,68
Peru,2018,14,50,82
Peru,2018,14,55,107
Peru,2018,14,60,115
Peru,2018,14,65,151
Peru,2018,14,70,199
Peru,2018,14,75,225
Peru,2018,14,80,265
Peru,2018,14,85,271
Peru,2018,14,90,155
Peru,2018,14,95,67
Peru,2018,15,0,115
Peru,2018,15,5,12
Peru,2018,15,10,11
Peru,2018,15,15,19
Peru,2018,15,20,36
Peru,2018,15,25,35
Peru,2018,15,30,49
Peru,2018,15,35,34
Peru,2018,15,40,51
Peru,2018,15,45,60
Peru,2018,15,50,85
Peru,2018,15,55,97
Peru,2018,15,60,133
Peru,2018,15,65,132
Peru,2018,15,70,152
Peru,2018,15,75,197
Peru,2018,15,80,213
Peru,2018,15,85,201
Peru,2018,15,90,140
Peru,2018,15,95,63
Peru,2018,16,0,124
Peru,2018,16,5,7
Peru,2018,16,10,11
Peru,2018,16,15,21
Peru,2018,16,20,38
Peru,2018,16,25,36
Peru,2018,16,30,52
Peru,2018,16,35,61
Peru,2018,16,40,51
Peru,2018,16,45,94
Peru,2018,16,50,85
Peru,2018,16,55,100
Peru,2018,16,60,124
Peru,2018,16,65,153
Peru,2018,16,70,139
Peru,2018,16,75,198
Peru,2018,16,80,259
Peru,2018,16,85,234
Peru,2018,16,90,134
Peru,2018,16,95,64
Peru,2018,17,0,115
Peru,2018,17,5,14
Peru,2018,17,10,11
Peru,2018,17,15,18
Peru,2018,17,20,38
Peru,2018,17,25,50
Peru,2018,17,30,40
Peru,2018,17,35,56
Peru,2018,17,40,55
Peru,2018,17,45,66
Peru,2018,17,50,92
Peru,2018,17,55,103
Peru,2018,17,60,124
Peru,2018,17,65,165
Peru,2018,17,70,180
Peru,2018,17,75,196
Peru,2018,17,80,229
Peru,2018,17,85,228
Peru,2018,17,90,150
Peru,2018,17,95,60
Peru,2018,17,NA,1
Peru,2018,18,0,133
Peru,2018,18,5,12
Peru,2018,18,10,12
Peru,2018,18,15,21
Peru,2018,18,20,38
Peru,2018,18,25,33
Peru,2018,18,30,43
Peru,2018,18,35,57
Peru,2018,18,40,58
Peru,2018,18,45,78
Peru,2018,18,50,102
Peru,2018,18,55,115
Peru,2018,18,60,141
Peru,2018,18,65,139
Peru,2018,18,70,206
Peru,2018,18,75,220
Peru,2018,18,80,266
Peru,2018,18,85,233
Peru,2018,18,90,152
Peru,2018,18,95,71
Peru,2018,19,0,115
Peru,2018,19,5,14
Peru,2018,19,10,15
Peru,2018,19,15,26
Peru,2018,19,20,33
Peru,2018,19,25,36
Peru,2018,19,30,39
Peru,2018,19,35,44
Peru,2018,19,40,52
Peru,2018,19,45,71
Peru,2018,19,50,86
Peru,2018,19,55,110
Peru,2018,19,60,142
Peru,2018,19,65,143
Peru,2018,19,70,183
Peru,2018,19,75,213
Peru,2018,19,80,217
Peru,2018,19,85,214
Peru,2018,19,90,156
Peru,2018,19,95,91
Peru,2018,19,NA,1
Peru,2018,20,0,117
Peru,2018,20,5,12
Peru,2018,20,10,16
Peru,2018,20,15,26
Peru,2018,20,20,38
Peru,2018,20,25,50
Peru,2018,20,30,38
Peru,2018,20,35,42
Peru,2018,20,40,60
Peru,2018,20,45,59
Peru,2018,20,50,94
Peru,2018,20,55,100
Peru,2018,20,60,152
Peru,2018,20,65,150
Peru,2018,20,70,202
Peru,2018,20,75,227
Peru,2018,20,80,267
Peru,2018,20,85,237
Peru,2018,20,90,163
Peru,2018,20,95,68
Peru,2018,21,0,114
Peru,2018,21,5,18
Peru,2018,21,10,9
Peru,2018,21,15,19
Peru,2018,21,20,48
Peru,2018,21,25,32
Peru,2018,21,30,44
Peru,2018,21,35,61
Peru,2018,21,40,72
Peru,2018,21,45,70
Peru,2018,21,50,103
Peru,2018,21,55,141
Peru,2018,21,60,140
Peru,2018,21,65,169
Peru,2018,21,70,227
Peru,2018,21,75,271
Peru,2018,21,80,281
Peru,2018,21,85,250
Peru,2018,21,90,150
Peru,2018,21,95,75
Peru,2018,22,0,133
Peru,2018,22,5,10
Peru,2018,22,10,9
Peru,2018,22,15,38
Peru,2018,22,20,40
Peru,2018,22,25,43
Peru,2018,22,30,53
Peru,2018,22,35,65
Peru,2018,22,40,62
Peru,2018,22,45,66
Peru,2018,22,50,124
Peru,2018,22,55,122
Peru,2018,22,60,144
Peru,2018,22,65,174
Peru,2018,22,70,208
Peru,2018,22,75,218
Peru,2018,22,80,337
Peru,2018,22,85,218
Peru,2018,22,90,149
Peru,2018,22,95,74
Peru,2018,23,0,142
Peru,2018,23,5,16
Peru,2018,23,10,14
Peru,2018,23,15,21
Peru,2018,23,20,37
Peru,2018,23,25,41
Peru,2018,23,30,54
Peru,2018,23,35,44
Peru,2018,23,40,74
Peru,2018,23,45,83
Peru,2018,23,50,95
Peru,2018,23,55,128
Peru,2018,23,60,157
Peru,2018,23,65,166
Peru,2018,23,70,223
Peru,2018,23,75,251
Peru,2018,23,80,291
Peru,2018,23,85,276
Peru,2018,23,90,149
Peru,2018,23,95,84
Peru,2018,23,NA,1
Peru,2018,24,0,139
Peru,2018,24,5,18
Peru,2018,24,10,17
Peru,2018,24,15,22
Peru,2018,24,20,41
Peru,2018,24,25,37
Peru,2018,24,30,43
Peru,2018,24,35,54
Peru,2018,24,40,68
Peru,2018,24,45,101
Peru,2018,24,50,112
Peru,2018,24,55,142
Peru,2018,24,60,162
Peru,2018,24,65,200
Peru,2018,24,70,220
Peru,2018,24,75,238
Peru,2018,24,80,302
Peru,2018,24,85,283
Peru,2018,24,90,165
Peru,2018,24,95,77
Peru,2018,24,NA,1
Peru,2018,25,0,161
Peru,2018,25,5,20
Peru,2018,25,10,17
Peru,2018,25,15,23
Peru,2018,25,20,45
Peru,2018,25,25,42
Peru,2018,25,30,51
Peru,2018,25,35,67
Peru,2018,25,40,71
Peru,2018,25,45,80
Peru,2018,25,50,102
Peru,2018,25,55,119
Peru,2018,25,60,189
Peru,2018,25,65,177
Peru,2018,25,70,196
Peru,2018,25,75,239
Peru,2018,25,80,316
Peru,2018,25,85,279
Peru,2018,25,90,206
Peru,2018,25,95,97
Peru,2018,26,0,143
Peru,2018,26,5,10
Peru,2018,26,10,11
Peru,2018,26,15,32
Peru,2018,26,20,42
Peru,2018,26,25,42
Peru,2018,26,30,40
Peru,2018,26,35,51
Peru,2018,26,40,77
Peru,2018,26,45,86
Peru,2018,26,50,113
Peru,2018,26,55,133
Peru,2018,26,60,172
Peru,2018,26,65,167
Peru,2018,26,70,203
Peru,2018,26,75,255
Peru,2018,26,80,322
Peru,2018,26,85,287
Peru,2018,26,90,174
Peru,2018,26,95,93
Peru,2018,26,NA,1
Peru,2018,27,0,161
Peru,2018,27,5,20
Peru,2018,27,10,15
Peru,2018,27,15,28
Peru,2018,27,20,46
Peru,2018,27,25,47
Peru,2018,27,30,41
Peru,2018,27,35,68
Peru,2018,27,40,62
Peru,2018,27,45,86
Peru,2018,27,50,124
Peru,2018,27,55,103
Peru,2018,27,60,149
Peru,2018,27,65,188
Peru,2018,27,70,219
Peru,2018,27,75,277
Peru,2018,27,80,290
Peru,2018,27,85,286
Peru,2018,27,90,181
Peru,2018,27,95,85
Peru,2018,28,0,132
Peru,2018,28,5,14
Peru,2018,28,10,17
Peru,2018,28,15,23
Peru,2018,28,20,38
Peru,2018,28,25,33
Peru,2018,28,30,42
Peru,2018,28,35,50
Peru,2018,28,40,68
Peru,2018,28,45,76
Peru,2018,28,50,108
Peru,2018,28,55,118
Peru,2018,28,60,150
Peru,2018,28,65,180
Peru,2018,28,70,216
Peru,2018,28,75,261
Peru,2018,28,80,267
Peru,2018,28,85,263
Peru,2018,28,90,162
Peru,2018,28,95,101
Peru,2018,28,NA,1
Peru,2018,29,0,143
Peru,2018,29,5,17
Peru,2018,29,10,16
Peru,2018,29,15,20
Peru,2018,29,20,34
Peru,2018,29,25,40
Peru,2018,29,30,73
Peru,2018,29,35,48
Peru,2018,29,40,53
Peru,2018,29,45,65
Peru,2018,29,50,85
Peru,2018,29,55,129
Peru,2018,29,60,137
Peru,2018,29,65,175
Peru,2018,29,70,235
Peru,2018,29,75,265
Peru,2018,29,80,302
Peru,2018,29,85,251
Peru,2018,29,90,205
Peru,2018,29,95,96
Peru,2018,30,0,145
Peru,2018,30,5,11
Peru,2018,30,10,16
Peru,2018,30,15,23
Peru,2018,30,20,33
Peru,2018,30,25,45
Peru,2018,30,30,41
Peru,2018,30,35,60
Peru,2018,30,40,57
Peru,2018,30,45,74
Peru,2018,30,50,111
Peru,2018,30,55,119
Peru,2018,30,60,151
Peru,2018,30,65,166
Peru,2018,30,70,207
Peru,2018,30,75,273
Peru,2018,30,80,308
Peru,2018,30,85,285
Peru,2018,30,90,170
Peru,2018,30,95,81
Peru,2018,30,NA,1
Peru,2018,31,0,164
Peru,2018,31,5,14
Peru,2018,31,10,19
Peru,2018,31,15,20
Peru,2018,31,20,48
Peru,2018,31,25,46
Peru,2018,31,30,58
Peru,2018,31,35,49
Peru,2018,31,40,55
Peru,2018,31,45,74
Peru,2018,31,50,106
Peru,2018,31,55,146
Peru,2018,31,60,134
Peru,2018,31,65,162
Peru,2018,31,70,213
Peru,2018,31,75,254
Peru,2018,31,80,295
Peru,2018,31,85,276
Peru,2018,31,90,160
Peru,2018,31,95,95
Peru,2018,32,0,152
Peru,2018,32,5,16
Peru,2018,32,10,18
Peru,2018,32,15,25
Peru,2018,32,20,29
Peru,2018,32,25,48
Peru,2018,32,30,54
Peru,2018,32,35,58
Peru,2018,32,40,66
Peru,2018,32,45,70
Peru,2018,32,50,105
Peru,2018,32,55,123
Peru,2018,32,60,130
Peru,2018,32,65,188
Peru,2018,32,70,191
Peru,2018,32,75,243
Peru,2018,32,80,287
Peru,2018,32,85,279
Peru,2018,32,90,184
Peru,2018,32,95,105
Peru,2018,32,NA,2
Peru,2018,33,0,127
Peru,2018,33,5,11
Peru,2018,33,10,11
Peru,2018,33,15,25
Peru,2018,33,20,35
Peru,2018,33,25,38
Peru,2018,33,30,48
Peru,2018,33,35,50
Peru,2018,33,40,64
Peru,2018,33,45,65
Peru,2018,33,50,94
Peru,2018,33,55,119
Peru,2018,33,60,139
Peru,2018,33,65,161
Peru,2018,33,70,204
Peru,2018,33,75,245
Peru,2018,33,80,284
Peru,2018,33,85,295
Peru,2018,33,90,178
Peru,2018,33,95,93
Peru,2018,34,0,119
Peru,2018,34,5,9
Peru,2018,34,10,14
Peru,2018,34,15,20
Peru,2018,34,20,34
Peru,2018,34,25,44
Peru,2018,34,30,41
Peru,2018,34,35,44
Peru,2018,34,40,57
Peru,2018,34,45,79
Peru,2018,34,50,107
Peru,2018,34,55,114
Peru,2018,34,60,118
Peru,2018,34,65,170
Peru,2018,34,70,190
Peru,2018,34,75,243
Peru,2018,34,80,294
Peru,2018,34,85,266
Peru,2018,34,90,164
Peru,2018,34,95,90
Peru,2018,35,0,140
Peru,2018,35,5,9
Peru,2018,35,10,19
Peru,2018,35,15,19
Peru,2018,35,20,40
Peru,2018,35,25,44
Peru,2018,35,30,46
Peru,2018,35,35,51
Peru,2018,35,40,64
Peru,2018,35,45,62
Peru,2018,35,50,88
Peru,2018,35,55,117
Peru,2018,35,60,143
Peru,2018,35,65,183
Peru,2018,35,70,240
Peru,2018,35,75,246
Peru,2018,35,80,265
Peru,2018,35,85,264
Peru,2018,35,90,183
Peru,2018,35,95,92
Peru,2018,36,0,116
Peru,2018,36,5,16
Peru,2018,36,10,17
Peru,2018,36,15,29
Peru,2018,36,20,42
Peru,2018,36,25,47
Peru,2018,36,30,39
Peru,2018,36,35,51
Peru,2018,36,40,53
Peru,2018,36,45,76
Peru,2018,36,50,89
Peru,2018,36,55,121
Peru,2018,36,60,143
Peru,2018,36,65,175
Peru,2018,36,70,220
Peru,2018,36,75,230
Peru,2018,36,80,293
Peru,2018,36,85,268
Peru,2018,36,90,178
Peru,2018,36,95,84
Peru,2018,36,NA,1
Peru,2018,37,0,107
Peru,2018,37,5,21
Peru,2018,37,10,14
Peru,2018,37,15,24
Peru,2018,37,20,43
Peru,2018,37,25,29
Peru,2018,37,30,41
Peru,2018,37,35,40
Peru,2018,37,40,56
Peru,2018,37,45,81
Peru,2018,37,50,112
Peru,2018,37,55,104
Peru,2018,37,60,139
Peru,2018,37,65,167
Peru,2018,37,70,221
Peru,2018,37,75,239
Peru,2018,37,80,259
Peru,2018,37,85,273
Peru,2018,37,90,176
Peru,2018,37,95,78
Peru,2018,38,0,140
Peru,2018,38,5,8
Peru,2018,38,10,12
Peru,2018,38,15,30
Peru,2018,38,20,34
Peru,2018,38,25,47
Peru,2018,38,30,46
Peru,2018,38,35,49
Peru,2018,38,40,63
Peru,2018,38,45,73
Peru,2018,38,50,77
Peru,2018,38,55,113
Peru,2018,38,60,160
Peru,2018,38,65,189
Peru,2018,38,70,190
Peru,2018,38,75,223
Peru,2018,38,80,273
Peru,2018,38,85,281
Peru,2018,38,90,165
Peru,2018,38,95,85
Peru,2018,38,NA,1
Peru,2018,39,0,124
Peru,2018,39,5,14
Peru,2018,39,10,17
Peru,2018,39,15,21
Peru,2018,39,20,43
Peru,2018,39,25,37
Peru,2018,39,30,47
Peru,2018,39,35,49
Peru,2018,39,40,63
Peru,2018,39,45,82
Peru,2018,39,50,91
Peru,2018,39,55,147
Peru,2018,39,60,129
Peru,2018,39,65,129
Peru,2018,39,70,236
Peru,2018,39,75,257
Peru,2018,39,80,276
Peru,2018,39,85,289
Peru,2018,39,90,187
Peru,2018,39,95,89
Peru,2018,39,NA,2
Peru,2018,40,0,126
Peru,2018,40,5,14
Peru,2018,40,10,17
Peru,2018,40,15,23
Peru,2018,40,20,39
Peru,2018,40,25,45
Peru,2018,40,30,35
Peru,2018,40,35,48
Peru,2018,40,40,63
Peru,2018,40,45,81
Peru,2018,40,50,104
Peru,2018,40,55,118
Peru,2018,40,60,145
Peru,2018,40,65,141
Peru,2018,40,70,231
Peru,2018,40,75,234
Peru,2018,40,80,279
Peru,2018,40,85,251
Peru,2018,40,90,157
Peru,2018,40,95,91
Peru,2018,40,NA,1
Peru,2018,41,0,121
Peru,2018,41,5,15
Peru,2018,41,10,16
Peru,2018,41,15,36
Peru,2018,41,20,35
Peru,2018,41,25,41
Peru,2018,41,30,45
Peru,2018,41,35,48
Peru,2018,41,40,58
Peru,2018,41,45,89
Peru,2018,41,50,112
Peru,2018,41,55,108
Peru,2018,41,60,122
Peru,2018,41,65,180
Peru,2018,41,70,217
Peru,2018,41,75,237
Peru,2018,41,80,263
Peru,2018,41,85,275
Peru,2018,41,90,189
Peru,2018,41,95,77
Peru,2018,41,NA,2
Peru,2018,42,0,145
Peru,2018,42,5,9
Peru,2018,42,10,9
Peru,2018,42,15,23
Peru,2018,42,20,38
Peru,2018,42,25,53
Peru,2018,42,30,52
Peru,2018,42,35,50
Peru,2018,42,40,75
Peru,2018,42,45,69
Peru,2018,42,50,112
Peru,2018,42,55,122
Peru,2018,42,60,128
Peru,2018,42,65,188
Peru,2018,42,70,215
Peru,2018,42,75,236
Peru,2018,42,80,242
Peru,2018,42,85,283
Peru,2018,42,90,171
Peru,2018,42,95,78
Peru,2018,43,0,138
Peru,2018,43,5,13
Peru,2018,43,10,17
Peru,2018,43,15,32
Peru,2018,43,20,43
Peru,2018,43,25,46
Peru,2018,43,30,36
Peru,2018,43,35,58
Peru,2018,43,40,63
Peru,2018,43,45,87
Peru,2018,43,50,82
Peru,2018,43,55,114
Peru,2018,43,60,149
Peru,2018,43,65,147
Peru,2018,43,70,198
Peru,2018,43,75,242
Peru,2018,43,80,307
Peru,2018,43,85,266
Peru,2018,43,90,173
Peru,2018,43,95,83
Peru,2018,43,NA,1
Peru,2018,44,0,106
Peru,2018,44,5,15
Peru,2018,44,10,14
Peru,2018,44,15,29
Peru,2018,44,20,32
Peru,2018,44,25,45
Peru,2018,44,30,49
Peru,2018,44,35,52
Peru,2018,44,40,81
Peru,2018,44,45,74
Peru,2018,44,50,100
Peru,2018,44,55,119
Peru,2018,44,60,130
Peru,2018,44,65,163
Peru,2018,44,70,189
Peru,2018,44,75,247
Peru,2018,44,80,278
Peru,2018,44,85,268
Peru,2018,44,90,185
Peru,2018,44,95,65
Peru,2018,44,NA,1
Peru,2018,45,0,135
Peru,2018,45,5,15
Peru,2018,45,10,13
Peru,2018,45,15,22
Peru,2018,45,20,47
Peru,2018,45,25,40
Peru,2018,45,30,41
Peru,2018,45,35,47
Peru,2018,45,40,81
Peru,2018,45,45,72
Peru,2018,45,50,104
Peru,2018,45,55,120
Peru,2018,45,60,138
Peru,2018,45,65,164
Peru,2018,45,70,208
Peru,2018,45,75,234
Peru,2018,45,80,280
Peru,2018,45,85,250
Peru,2018,45,90,163
Peru,2018,45,95,70
Peru,2018,45,NA,2
Peru,2018,46,0,130
Peru,2018,46,5,16
Peru,2018,46,10,15
Peru,2018,46,15,20
Peru,2018,46,20,35
Peru,2018,46,25,42
Peru,2018,46,30,37
Peru,2018,46,35,42
Peru,2018,46,40,61
Peru,2018,46,45,72
Peru,2018,46,50,76
Peru,2018,46,55,111
Peru,2018,46,60,143
Peru,2018,46,65,131
Peru,2018,46,70,204
Peru,2018,46,75,199
Peru,2018,46,80,249
Peru,2018,46,85,266
Peru,2018,46,90,135
Peru,2018,46,95,75
Peru,2018,46,NA,1
Peru,2018,47,0,125
Peru,2018,47,5,14
Peru,2018,47,10,10
Peru,2018,47,15,19
Peru,2018,47,20,43
Peru,2018,47,25,39
Peru,2018,47,30,41
Peru,2018,47,35,49
Peru,2018,47,40,57
Peru,2018,47,45,69
Peru,2018,47,50,84
Peru,2018,47,55,100
Peru,2018,47,60,116
Peru,2018,47,65,153
Peru,2018,47,70,193
Peru,2018,47,75,211
Peru,2018,47,80,265
Peru,2018,47,85,215
Peru,2018,47,90,143
Peru,2018,47,95,66
Peru,2018,47,NA,1
Peru,2018,48,0,96
Peru,2018,48,5,13
Peru,2018,48,10,12
Peru,2018,48,15,19
Peru,2018,48,20,39
Peru,2018,48,25,34
Peru,2018,48,30,44
Peru,2018,48,35,48
Peru,2018,48,40,60
Peru,2018,48,45,73
Peru,2018,48,50,97
Peru,2018,48,55,95
Peru,2018,48,60,116
Peru,2018,48,65,164
Peru,2018,48,70,194
Peru,2018,48,75,212
Peru,2018,48,80,236
Peru,2018,48,85,240
Peru,2018,48,90,166
Peru,2018,48,95,69
Peru,2018,49,0,101
Peru,2018,49,5,18
Peru,2018,49,10,25
Peru,2018,49,15,28
Peru,2018,49,20,43
Peru,2018,49,25,38
Peru,2018,49,30,37
Peru,2018,49,35,49
Peru,2018,49,40,62
Peru,2018,49,45,83
Peru,2018,49,50,88
Peru,2018,49,55,117
Peru,2018,49,60,142
Peru,2018,49,65,147
Peru,2018,49,70,198
Peru,2018,49,75,219
Peru,2018,49,80,242
Peru,2018,49,85,250
Peru,2018,49,90,175
Peru,2018,49,95,85
Peru,2018,50,0,137
Peru,2018,50,5,13
Peru,2018,50,10,20
Peru,2018,50,15,23
Peru,2018,50,20,32
Peru,2018,50,25,37
Peru,2018,50,30,40
Peru,2018,50,35,44
Peru,2018,50,40,73
Peru,2018,50,45,75
Peru,2018,50,50,86
Peru,2018,50,55,97
Peru,2018,50,60,134
Peru,2018,50,65,169
Peru,2018,50,70,198
Peru,2018,50,75,233
Peru,2018,50,80,245
Peru,2018,50,85,258
Peru,2018,50,90,176
Peru,2018,50,95,78
Peru,2018,51,0,123
Peru,2018,51,5,11
Peru,2018,51,10,25
Peru,2018,51,15,28
Peru,2018,51,20,48
Peru,2018,51,25,40
Peru,2018,51,30,50
Peru,2018,51,35,67
Peru,2018,51,40,64
Peru,2018,51,45,76
Peru,2018,51,50,88
Peru,2018,51,55,103
Peru,2018,51,60,132
Peru,2018,51,65,155
Peru,2018,51,70,211
Peru,2018,51,75,226
Peru,2018,51,80,241
Peru,2018,51,85,246
Peru,2018,51,90,158
Peru,2018,51,95,89
Peru,2018,52,0,117
Peru,2018,52,5,12
Peru,2018,52,10,11
Peru,2018,52,15,31
Peru,2018,52,20,40
Peru,2018,52,25,42
Peru,2018,52,30,43
Peru,2018,52,35,55
Peru,2018,52,40,76
Peru,2018,52,45,77
Peru,2018,52,50,93
Peru,2018,52,55,119
Peru,2018,52,60,128
Peru,2018,52,65,132
Peru,2018,52,70,187
Peru,2018,52,75,250
Peru,2018,52,80,281
Peru,2018,52,85,245
Peru,2018,52,90,186
Peru,2018,52,95,80
Peru,2019,1,0,119
Peru,2019,1,5,8
Peru,2019,1,10,20
Peru,2019,1,15,31
Peru,2019,1,20,54
Peru,2019,1,25,40
Peru,2019,1,30,56
Peru,2019,1,35,57
Peru,2019,1,40,62
Peru,2019,1,45,84
Peru,2019,1,50,89
Peru,2019,1,55,121
Peru,2019,1,60,150
Peru,2019,1,65,156
Peru,2019,1,70,201
Peru,2019,1,75,222
Peru,2019,1,80,271
Peru,2019,1,85,257
Peru,2019,1,90,157
Peru,2019,1,95,82
Peru,2019,2,0,125
Peru,2019,2,5,18
Peru,2019,2,10,14
Peru,2019,2,15,24
Peru,2019,2,20,31
Peru,2019,2,25,37
Peru,2019,2,30,40
Peru,2019,2,35,43
Peru,2019,2,40,74
Peru,2019,2,45,67
Peru,2019,2,50,81
Peru,2019,2,55,102
Peru,2019,2,60,140
Peru,2019,2,65,157
Peru,2019,2,70,203
Peru,2019,2,75,209
Peru,2019,2,80,252
Peru,2019,2,85,247
Peru,2019,2,90,189
Peru,2019,2,95,73
Peru,2019,3,0,111
Peru,2019,3,5,11
Peru,2019,3,10,20
Peru,2019,3,15,19
Peru,2019,3,20,30
Peru,2019,3,25,44
Peru,2019,3,30,38
Peru,2019,3,35,61
Peru,2019,3,40,63
Peru,2019,3,45,73
Peru,2019,3,50,74
Peru,2019,3,55,123
Peru,2019,3,60,146
Peru,2019,3,65,155
Peru,2019,3,70,180
Peru,2019,3,75,205
Peru,2019,3,80,268
Peru,2019,3,85,250
Peru,2019,3,90,178
Peru,2019,3,95,83
Peru,2019,4,0,106
Peru,2019,4,5,16
Peru,2019,4,10,15
Peru,2019,4,15,22
Peru,2019,4,20,35
Peru,2019,4,25,47
Peru,2019,4,30,45
Peru,2019,4,35,56
Peru,2019,4,40,62
Peru,2019,4,45,64
Peru,2019,4,50,107
Peru,2019,4,55,110
Peru,2019,4,60,121
Peru,2019,4,65,144
Peru,2019,4,70,183
Peru,2019,4,75,245
Peru,2019,4,80,250
Peru,2019,4,85,242
Peru,2019,4,90,171
Peru,2019,4,95,85
Peru,2019,5,0,112
Peru,2019,5,5,11
Peru,2019,5,10,24
Peru,2019,5,15,25
Peru,2019,5,20,43
Peru,2019,5,25,47
Peru,2019,5,30,50
Peru,2019,5,35,47
Peru,2019,5,40,69
Peru,2019,5,45,74
Peru,2019,5,50,76
Peru,2019,5,55,114
Peru,2019,5,60,151
Peru,2019,5,65,199
Peru,2019,5,70,206
Peru,2019,5,75,253
Peru,2019,5,80,263
Peru,2019,5,85,262
Peru,2019,5,90,200
Peru,2019,5,95,119
Peru,2019,6,0,120
Peru,2019,6,5,14
Peru,2019,6,10,20
Peru,2019,6,15,32
Peru,2019,6,20,36
Peru,2019,6,25,45
Peru,2019,6,30,47
Peru,2019,6,35,63
Peru,2019,6,40,64
Peru,2019,6,45,79
Peru,2019,6,50,100
Peru,2019,6,55,115
Peru,2019,6,60,127
Peru,2019,6,65,178
Peru,2019,6,70,201
Peru,2019,6,75,272
Peru,2019,6,80,257
Peru,2019,6,85,272
Peru,2019,6,90,186
Peru,2019,6,95,79
Peru,2019,7,0,109
Peru,2019,7,5,16
Peru,2019,7,10,17
Peru,2019,7,15,37
Peru,2019,7,20,54
Peru,2019,7,25,50
Peru,2019,7,30,61
Peru,2019,7,35,60
Peru,2019,7,40,57
Peru,2019,7,45,81
Peru,2019,7,50,86
Peru,2019,7,55,113
Peru,2019,7,60,145
Peru,2019,7,65,161
Peru,2019,7,70,204
Peru,2019,7,75,218
Peru,2019,7,80,285
Peru,2019,7,85,242
Peru,2019,7,90,176
Peru,2019,7,95,79
Peru,2019,8,0,127
Peru,2019,8,5,17
Peru,2019,8,10,16
Peru,2019,8,15,21
Peru,2019,8,20,41
Peru,2019,8,25,32
Peru,2019,8,30,46
Peru,2019,8,35,45
Peru,2019,8,40,70
Peru,2019,8,45,77
Peru,2019,8,50,86
Peru,2019,8,55,129
Peru,2019,8,60,132
Peru,2019,8,65,167
Peru,2019,8,70,214
Peru,2019,8,75,241
Peru,2019,8,80,293
Peru,2019,8,85,281
Peru,2019,8,90,186
Peru,2019,8,95,96
Peru,2019,9,0,140
Peru,2019,9,5,13
Peru,2019,9,10,19
Peru,2019,9,15,22
Peru,2019,9,20,48
Peru,2019,9,25,47
Peru,2019,9,30,67
Peru,2019,9,35,53
Peru,2019,9,40,66
Peru,2019,9,45,78
Peru,2019,9,50,97
Peru,2019,9,55,109
Peru,2019,9,60,147
Peru,2019,9,65,159
Peru,2019,9,70,210
Peru,2019,9,75,260
Peru,2019,9,80,276
Peru,2019,9,85,299
Peru,2019,9,90,176
Peru,2019,9,95,87
Peru,2019,10,0,115
Peru,2019,10,5,17
Peru,2019,10,10,20
Peru,2019,10,15,26
Peru,2019,10,20,42
Peru,2019,10,25,53
Peru,2019,10,30,42
Peru,2019,10,35,62
Peru,2019,10,40,80
Peru,2019,10,45,86
Peru,2019,10,50,99
Peru,2019,10,55,103
Peru,2019,10,60,127
Peru,2019,10,65,183
Peru,2019,10,70,192
Peru,2019,10,75,233
Peru,2019,10,80,284
Peru,2019,10,85,282
Peru,2019,10,90,170
Peru,2019,10,95,77
Peru,2019,11,0,117
Peru,2019,11,5,15
Peru,2019,11,10,11
Peru,2019,11,15,30
Peru,2019,11,20,35
Peru,2019,11,25,36
Peru,2019,11,30,39
Peru,2019,11,35,53
Peru,2019,11,40,56
Peru,2019,11,45,83
Peru,2019,11,50,80
Peru,2019,11,55,125
Peru,2019,11,60,129
Peru,2019,11,65,174
Peru,2019,11,70,202
Peru,2019,11,75,200
Peru,2019,11,80,263
Peru,2019,11,85,287
Peru,2019,11,90,218
Peru,2019,11,95,99
Peru,2019,12,0,124
Peru,2019,12,5,9
Peru,2019,12,10,5
Peru,2019,12,15,31
Peru,2019,12,20,41
Peru,2019,12,25,39
Peru,2019,12,30,46
Peru,2019,12,35,48
Peru,2019,12,40,60
Peru,2019,12,45,60
Peru,2019,12,50,89
Peru,2019,12,55,115
Peru,2019,12,60,119
Peru,2019,12,65,167
Peru,2019,12,70,184
Peru,2019,12,75,215
Peru,2019,12,80,273
Peru,2019,12,85,234
Peru,2019,12,90,162
Peru,2019,12,95,86
Peru,2019,13,0,116
Peru,2019,13,5,15
Peru,2019,13,10,10
Peru,2019,13,15,24
Peru,2019,13,20,28
Peru,2019,13,25,46
Peru,2019,13,30,45
Peru,2019,13,35,53
Peru,2019,13,40,64
Peru,2019,13,45,74
Peru,2019,13,50,86
Peru,2019,13,55,99
Peru,2019,13,60,131
Peru,2019,13,65,152
Peru,2019,13,70,192
Peru,2019,13,75,227
Peru,2019,13,80,260
Peru,2019,13,85,244
Peru,2019,13,90,157
Peru,2019,13,95,88
Peru,2019,14,0,114
Peru,2019,14,5,3
Peru,2019,14,10,16
Peru,2019,14,15,20
Peru,2019,14,20,31
Peru,2019,14,25,48
Peru,2019,14,30,35
Peru,2019,14,35,51
Peru,2019,14,40,43
Peru,2019,14,45,53
Peru,2019,14,50,76
Peru,2019,14,55,128
Peru,2019,14,60,125
Peru,2019,14,65,151
Peru,2019,14,70,185
Peru,2019,14,75,206
Peru,2019,14,80,289
Peru,2019,14,85,252
Peru,2019,14,90,141
Peru,2019,14,95,72
Peru,2019,15,0,116
Peru,2019,15,5,10
Peru,2019,15,10,12
Peru,2019,15,15,23
Peru,2019,15,20,22
Peru,2019,15,25,39
Peru,2019,15,30,51
Peru,2019,15,35,48
Peru,2019,15,40,55
Peru,2019,15,45,63
Peru,2019,15,50,93
Peru,2019,15,55,83
Peru,2019,15,60,143
Peru,2019,15,65,143
Peru,2019,15,70,201
Peru,2019,15,75,225
Peru,2019,15,80,252
Peru,2019,15,85,255
Peru,2019,15,90,186
Peru,2019,15,95,76
Peru,2019,16,0,108
Peru,2019,16,5,10
Peru,2019,16,10,14
Peru,2019,16,15,32
Peru,2019,16,20,40
Peru,2019,16,25,54
Peru,2019,16,30,55
Peru,2019,16,35,50
Peru,2019,16,40,70
Peru,2019,16,45,70
Peru,2019,16,50,91
Peru,2019,16,55,112
Peru,2019,16,60,119
Peru,2019,16,65,163
Peru,2019,16,70,213
Peru,2019,16,75,221
Peru,2019,16,80,254
Peru,2019,16,85,219
Peru,2019,16,90,153
Peru,2019,16,95,91
Peru,2019,17,0,89
Peru,2019,17,5,17
Peru,2019,17,10,13
Peru,2019,17,15,19
Peru,2019,17,20,43
Peru,2019,17,25,34
Peru,2019,17,30,45
Peru,2019,17,35,44
Peru,2019,17,40,59
Peru,2019,17,45,79
Peru,2019,17,50,92
Peru,2019,17,55,99
Peru,2019,17,60,131
Peru,2019,17,65,161
Peru,2019,17,70,183
Peru,2019,17,75,214
Peru,2019,17,80,242
Peru,2019,17,85,241
Peru,2019,17,90,147
Peru,2019,17,95,71
Peru,2019,18,0,102
Peru,2019,18,5,11
Peru,2019,18,10,12
Peru,2019,18,15,32
Peru,2019,18,20,30
Peru,2019,18,25,47
Peru,2019,18,30,35
Peru,2019,18,35,55
Peru,2019,18,40,51
Peru,2019,18,45,70
Peru,2019,18,50,76
Peru,2019,18,55,106
Peru,2019,18,60,126
Peru,2019,18,65,157
Peru,2019,18,70,203
Peru,2019,18,75,210
Peru,2019,18,80,271
Peru,2019,18,85,216
Peru,2019,18,90,144
Peru,2019,18,95,88
Peru,2019,19,0,119
Peru,2019,19,5,11
Peru,2019,19,10,20
Peru,2019,19,15,31
Peru,2019,19,20,27
Peru,2019,19,25,45
Peru,2019,19,30,44
Peru,2019,19,35,54
Peru,2019,19,40,62
Peru,2019,19,45,60
Peru,2019,19,50,89
Peru,2019,19,55,96
Peru,2019,19,60,109
Peru,2019,19,65,146
Peru,2019,19,70,186
Peru,2019,19,75,195
Peru,2019,19,80,234
Peru,2019,19,85,232
Peru,2019,19,90,146
Peru,2019,19,95,75
Peru,2019,20,0,128
Peru,2019,20,5,10
Peru,2019,20,10,12
Peru,2019,20,15,25
Peru,2019,20,20,30
Peru,2019,20,25,46
Peru,2019,20,30,44
Peru,2019,20,35,47
Peru,2019,20,40,55
Peru,2019,20,45,66
Peru,2019,20,50,94
Peru,2019,20,55,99
Peru,2019,20,60,130
Peru,2019,20,65,151
Peru,2019,20,70,196
Peru,2019,20,75,215
Peru,2019,20,80,234
Peru,2019,20,85,235
Peru,2019,20,90,140
Peru,2019,20,95,64
Peru,2019,21,0,109
Peru,2019,21,5,19
Peru,2019,21,10,14
Peru,2019,21,15,22
Peru,2019,21,20,40
Peru,2019,21,25,38
Peru,2019,21,30,44
Peru,2019,21,35,48
Peru,2019,21,40,55
Peru,2019,21,45,66
Peru,2019,21,50,95
Peru,2019,21,55,89
Peru,2019,21,60,137
Peru,2019,21,65,130
Peru,2019,21,70,171
Peru,2019,21,75,203
Peru,2019,21,80,248
Peru,2019,21,85,235
Peru,2019,21,90,160
Peru,2019,21,95,72
Peru,2019,22,0,108
Peru,2019,22,5,9
Peru,2019,22,10,10
Peru,2019,22,15,25
Peru,2019,22,20,26
Peru,2019,22,25,54
Peru,2019,22,30,44
Peru,2019,22,35,58
Peru,2019,22,40,66
Peru,2019,22,45,71
Peru,2019,22,50,96
Peru,2019,22,55,104
Peru,2019,22,60,123
Peru,2019,22,65,153
Peru,2019,22,70,190
Peru,2019,22,75,239
Peru,2019,22,80,252
Peru,2019,22,85,215
Peru,2019,22,90,164
Peru,2019,22,95,73
Peru,2019,23,0,120
Peru,2019,23,5,16
Peru,2019,23,10,15
Peru,2019,23,15,23
Peru,2019,23,20,45
Peru,2019,23,25,37
Peru,2019,23,30,46
Peru,2019,23,35,58
Peru,2019,23,40,47
Peru,2019,23,45,68
Peru,2019,23,50,75
Peru,2019,23,55,103
Peru,2019,23,60,150
Peru,2019,23,65,144
Peru,2019,23,70,212
Peru,2019,23,75,229
Peru,2019,23,80,265
Peru,2019,23,85,247
Peru,2019,23,90,146
Peru,2019,23,95,78
Peru,2019,24,0,127
Peru,2019,24,5,19
Peru,2019,24,10,10
Peru,2019,24,15,22
Peru,2019,24,20,26
Peru,2019,24,25,34
Peru,2019,24,30,46
Peru,2019,24,35,39
Peru,2019,24,40,66
Peru,2019,24,45,71
Peru,2019,24,50,88
Peru,2019,24,55,113
Peru,2019,24,60,130
Peru,2019,24,65,135
Peru,2019,24,70,224
Peru,2019,24,75,240
Peru,2019,24,80,251
Peru,2019,24,85,254
Peru,2019,24,90,192
Peru,2019,24,95,81
Peru,2019,25,0,117
Peru,2019,25,5,10
Peru,2019,25,10,14
Peru,2019,25,15,31
Peru,2019,25,20,40
Peru,2019,25,25,38
Peru,2019,25,30,45
Peru,2019,25,35,49
Peru,2019,25,40,61
Peru,2019,25,45,77
Peru,2019,25,50,77
Peru,2019,25,55,102
Peru,2019,25,60,130
Peru,2019,25,65,161
Peru,2019,25,70,217
Peru,2019,25,75,248
Peru,2019,25,80,283
Peru,2019,25,85,288
Peru,2019,25,90,191
Peru,2019,25,95,79
Peru,2019,26,0,118
Peru,2019,26,5,8
Peru,2019,26,10,17
Peru,2019,26,15,25
Peru,2019,26,20,43
Peru,2019,26,25,41
Peru,2019,26,30,48
Peru,2019,26,35,33
Peru,2019,26,40,53
Peru,2019,26,45,81
Peru,2019,26,50,82
Peru,2019,26,55,104
Peru,2019,26,60,120
Peru,2019,26,65,181
Peru,2019,26,70,176
Peru,2019,26,75,248
Peru,2019,26,80,282
Peru,2019,26,85,263
Peru,2019,26,90,180
Peru,2019,26,95,79
Peru,2019,27,0,129
Peru,2019,27,5,6
Peru,2019,27,10,7
Peru,2019,27,15,24
Peru,2019,27,20,31
Peru,2019,27,25,43
Peru,2019,27,30,48
Peru,2019,27,35,51
Peru,2019,27,40,50
Peru,2019,27,45,67
Peru,2019,27,50,97
Peru,2019,27,55,103
Peru,2019,27,60,138
Peru,2019,27,65,159
Peru,2019,27,70,203
Peru,2019,27,75,230
Peru,2019,27,80,292
Peru,2019,27,85,290
Peru,2019,27,90,186
Peru,2019,27,95,79
Peru,2019,28,0,110
Peru,2019,28,5,8
Peru,2019,28,10,15
Peru,2019,28,15,24
Peru,2019,28,20,33
Peru,2019,28,25,41
Peru,2019,28,30,46
Peru,2019,28,35,51
Peru,2019,28,40,68
Peru,2019,28,45,88
Peru,2019,28,50,85
Peru,2019,28,55,99
Peru,2019,28,60,142
Peru,2019,28,65,166
Peru,2019,28,70,189
Peru,2019,28,75,225
Peru,2019,28,80,271
Peru,2019,28,85,268
Peru,2019,28,90,180
Peru,2019,28,95,73
Peru,2019,29,0,94
Peru,2019,29,5,14
Peru,2019,29,10,8
Peru,2019,29,15,25
Peru,2019,29,20,43
Peru,2019,29,25,51
Peru,2019,29,30,37
Peru,2019,29,35,51
Peru,2019,29,40,62
Peru,2019,29,45,74
Peru,2019,29,50,107
Peru,2019,29,55,121
Peru,2019,29,60,143
Peru,2019,29,65,170
Peru,2019,29,70,202
Peru,2019,29,75,275
Peru,2019,29,80,265
Peru,2019,29,85,254
Peru,2019,29,90,181
Peru,2019,29,95,79
Peru,2019,30,0,121
Peru,2019,30,5,15
Peru,2019,30,10,10
Peru,2019,30,15,19
Peru,2019,30,20,30
Peru,2019,30,25,54
Peru,2019,30,30,51
Peru,2019,30,35,52
Peru,2019,30,40,47
Peru,2019,30,45,66
Peru,2019,30,50,98
Peru,2019,30,55,123
Peru,2019,30,60,136
Peru,2019,30,65,177
Peru,2019,30,70,221
Peru,2019,30,75,208
Peru,2019,30,80,260
Peru,2019,30,85,275
Peru,2019,30,90,196
Peru,2019,30,95,106
Peru,2019,31,0,103
Peru,2019,31,5,12
Peru,2019,31,10,18
Peru,2019,31,15,25
Peru,2019,31,20,26
Peru,2019,31,25,46
Peru,2019,31,30,41
Peru,2019,31,35,56
Peru,2019,31,40,49
Peru,2019,31,45,78
Peru,2019,31,50,81
Peru,2019,31,55,103
Peru,2019,31,60,140
Peru,2019,31,65,159
Peru,2019,31,70,206
Peru,2019,31,75,201
Peru,2019,31,80,302
Peru,2019,31,85,289
Peru,2019,31,90,208
Peru,2019,31,95,88
Peru,2019,32,0,120
Peru,2019,32,5,11
Peru,2019,32,10,16
Peru,2019,32,15,29
Peru,2019,32,20,41
Peru,2019,32,25,33
Peru,2019,32,30,54
Peru,2019,32,35,57
Peru,2019,32,40,58
Peru,2019,32,45,83
Peru,2019,32,50,102
Peru,2019,32,55,112
Peru,2019,32,60,151
Peru,2019,32,65,150
Peru,2019,32,70,210
Peru,2019,32,75,255
Peru,2019,32,80,301
Peru,2019,32,85,279
Peru,2019,32,90,215
Peru,2019,32,95,79
Peru,2019,33,0,81
Peru,2019,33,5,11
Peru,2019,33,10,12
Peru,2019,33,15,28
Peru,2019,33,20,32
Peru,2019,33,25,31
Peru,2019,33,30,41
Peru,2019,33,35,43
Peru,2019,33,40,60
Peru,2019,33,45,78
Peru,2019,33,50,89
Peru,2019,33,55,110
Peru,2019,33,60,151
Peru,2019,33,65,184
Peru,2019,33,70,223
Peru,2019,33,75,227
Peru,2019,33,80,259
Peru,2019,33,85,255
Peru,2019,33,90,195
Peru,2019,33,95,96
Peru,2019,34,0,110
Peru,2019,34,5,10
Peru,2019,34,10,16
Peru,2019,34,15,26
Peru,2019,34,20,33
Peru,2019,34,25,37
Peru,2019,34,30,37
Peru,2019,34,35,62
Peru,2019,34,40,47
Peru,2019,34,45,77
Peru,2019,34,50,86
Peru,2019,34,55,112
Peru,2019,34,60,135
Peru,2019,34,65,165
Peru,2019,34,70,214
Peru,2019,34,75,235
Peru,2019,34,80,262
Peru,2019,34,85,263
Peru,2019,34,90,172
Peru,2019,34,95,84
Peru,2019,35,0,106
Peru,2019,35,5,11
Peru,2019,35,10,20
Peru,2019,35,15,33
Peru,2019,35,20,43
Peru,2019,35,25,36
Peru,2019,35,30,46
Peru,2019,35,35,55
Peru,2019,35,40,53
Peru,2019,35,45,68
Peru,2019,35,50,98
Peru,2019,35,55,110
Peru,2019,35,60,154
Peru,2019,35,65,184
Peru,2019,35,70,226
Peru,2019,35,75,241
Peru,2019,35,80,265
Peru,2019,35,85,280
Peru,2019,35,90,184
Peru,2019,35,95,83
Peru,2019,36,0,105
Peru,2019,36,5,9
Peru,2019,36,10,11
Peru,2019,36,15,25
Peru,2019,36,20,44
Peru,2019,36,25,35
Peru,2019,36,30,38
Peru,2019,36,35,54
Peru,2019,36,40,73
Peru,2019,36,45,64
Peru,2019,36,50,87
Peru,2019,36,55,125
Peru,2019,36,60,142
Peru,2019,36,65,191
Peru,2019,36,70,192
Peru,2019,36,75,200
Peru,2019,36,80,284
Peru,2019,36,85,253
Peru,2019,36,90,181
Peru,2019,36,95,76
Peru,2019,37,0,108
Peru,2019,37,5,4
Peru,2019,37,10,10
Peru,2019,37,15,31
Peru,2019,37,20,34
Peru,2019,37,25,46
Peru,2019,37,30,41
Peru,2019,37,35,50
Peru,2019,37,40,58
Peru,2019,37,45,81
Peru,2019,37,50,104
Peru,2019,37,55,134
Peru,2019,37,60,140
Peru,2019,37,65,181
Peru,2019,37,70,174
Peru,2019,37,75,209
Peru,2019,37,80,277
Peru,2019,37,85,269
Peru,2019,37,90,195
Peru,2019,37,95,97
Peru,2019,38,0,120
Peru,2019,38,5,18
Peru,2019,38,10,12
Peru,2019,38,15,31
Peru,2019,38,20,32
Peru,2019,38,25,42
Peru,2019,38,30,50
Peru,2019,38,35,49
Peru,2019,38,40,64
Peru,2019,38,45,81
Peru,2019,38,50,97
Peru,2019,38,55,116
Peru,2019,38,60,151
Peru,2019,38,65,159
Peru,2019,38,70,229
Peru,2019,38,75,240
Peru,2019,38,80,304
Peru,2019,38,85,263
Peru,2019,38,90,208
Peru,2019,38,95,101
Peru,2019,39,0,115
Peru,2019,39,5,16
Peru,2019,39,10,14
Peru,2019,39,15,27
Peru,2019,39,20,38
Peru,2019,39,25,39
Peru,2019,39,30,36
Peru,2019,39,35,40
Peru,2019,39,40,79
Peru,2019,39,45,78
Peru,2019,39,50,99
Peru,2019,39,55,122
Peru,2019,39,60,147
Peru,2019,39,65,156
Peru,2019,39,70,201
Peru,2019,39,75,238
Peru,2019,39,80,275
Peru,2019,39,85,256
Peru,2019,39,90,171
Peru,2019,39,95,96
Peru,2019,40,0,105
Peru,2019,40,5,5
Peru,2019,40,10,11
Peru,2019,40,15,26
Peru,2019,40,20,45
Peru,2019,40,25,29
Peru,2019,40,30,45
Peru,2019,40,35,53
Peru,2019,40,40,64
Peru,2019,40,45,79
Peru,2019,40,50,89
Peru,2019,40,55,122
Peru,2019,40,60,125
Peru,2019,40,65,151
Peru,2019,40,70,222
Peru,2019,40,75,264
Peru,2019,40,80,272
Peru,2019,40,85,277
Peru,2019,40,90,170
Peru,2019,40,95,88
Peru,2019,41,0,108
Peru,2019,41,5,14
Peru,2019,41,10,17
Peru,2019,41,15,21
Peru,2019,41,20,29
Peru,2019,41,25,42
Peru,2019,41,30,34
Peru,2019,41,35,54
Peru,2019,41,40,61
Peru,2019,41,45,76
Peru,2019,41,50,82
Peru,2019,41,55,122
Peru,2019,41,60,154
Peru,2019,41,65,165
Peru,2019,41,70,183
Peru,2019,41,75,231
Peru,2019,41,80,275
Peru,2019,41,85,276
Peru,2019,41,90,188
Peru,2019,41,95,80
Peru,2019,42,0,107
Peru,2019,42,5,14
Peru,2019,42,10,11
Peru,2019,42,15,17
Peru,2019,42,20,52
Peru,2019,42,25,45
Peru,2019,42,30,35
Peru,2019,42,35,63
Peru,2019,42,40,65
Peru,2019,42,45,74
Peru,2019,42,50,117
Peru,2019,42,55,106
Peru,2019,42,60,123
Peru,2019,42,65,190
Peru,2019,42,70,216
Peru,2019,42,75,247
Peru,2019,42,80,319
Peru,2019,42,85,270
Peru,2019,42,90,176
Peru,2019,42,95,86
Peru,2019,43,0,107
Peru,2019,43,5,15
Peru,2019,43,10,12
Peru,2019,43,15,25
Peru,2019,43,20,47
Peru,2019,43,25,36
Peru,2019,43,30,42
Peru,2019,43,35,52
Peru,2019,43,40,51
Peru,2019,43,45,69
Peru,2019,43,50,98
Peru,2019,43,55,105
Peru,2019,43,60,141
Peru,2019,43,65,179
Peru,2019,43,70,191
Peru,2019,43,75,219
Peru,2019,43,80,291
Peru,2019,43,85,274
Peru,2019,43,90,194
Peru,2019,43,95,72
Peru,2019,44,0,116
Peru,2019,44,5,13
Peru,2019,44,10,19
Peru,2019,44,15,26
Peru,2019,44,20,38
Peru,2019,44,25,50
Peru,2019,44,30,59
Peru,2019,44,35,45
Peru,2019,44,40,59
Peru,2019,44,45,77
Peru,2019,44,50,86
Peru,2019,44,55,113
Peru,2019,44,60,144
Peru,2019,44,65,187
Peru,2019,44,70,208
Peru,2019,44,75,244
Peru,2019,44,80,274
Peru,2019,44,85,303
Peru,2019,44,90,192
Peru,2019,44,95,90
Peru,2019,45,0,113
Peru,2019,45,5,13
Peru,2019,45,10,17
Peru,2019,45,15,18
Peru,2019,45,20,50
Peru,2019,45,25,43
Peru,2019,45,30,42
Peru,2019,45,35,51
Peru,2019,45,40,61
Peru,2019,45,45,70
Peru,2019,45,50,99
Peru,2019,45,55,123
Peru,2019,45,60,130
Peru,2019,45,65,183
Peru,2019,45,70,186
Peru,2019,45,75,216
Peru,2019,45,80,280
Peru,2019,45,85,284
Peru,2019,45,90,195
Peru,2019,45,95,89
Peru,2019,46,0,110
Peru,2019,46,5,7
Peru,2019,46,10,11
Peru,2019,46,15,23
Peru,2019,46,20,38
Peru,2019,46,25,42
Peru,2019,46,30,40
Peru,2019,46,35,49
Peru,2019,46,40,61
Peru,2019,46,45,72
Peru,2019,46,50,86
Peru,2019,46,55,99
Peru,2019,46,60,150
Peru,2019,46,65,174
Peru,2019,46,70,221
Peru,2019,46,75,244
Peru,2019,46,80,245
Peru,2019,46,85,294
Peru,2019,46,90,172
Peru,2019,46,95,84
Peru,2019,47,0,112
Peru,2019,47,5,13
Peru,2019,47,10,9
Peru,2019,47,15,37
Peru,2019,47,20,32
Peru,2019,47,25,32
Peru,2019,47,30,49
Peru,2019,47,35,41
Peru,2019,47,40,53
Peru,2019,47,45,82
Peru,2019,47,50,95
Peru,2019,47,55,112
Peru,2019,47,60,134
Peru,2019,47,65,177
Peru,2019,47,70,196
Peru,2019,47,75,230
Peru,2019,47,80,261
Peru,2019,47,85,269
Peru,2019,47,90,182
Peru,2019,47,95,82
Peru,2019,48,0,104
Peru,2019,48,5,17
Peru,2019,48,10,15
Peru,2019,48,15,30
Peru,2019,48,20,38
Peru,2019,48,25,50
Peru,2019,48,30,38
Peru,2019,48,35,51
Peru,2019,48,40,56
Peru,2019,48,45,79
Peru,2019,48,50,83
Peru,2019,48,55,124
Peru,2019,48,60,110
Peru,2019,48,65,152
Peru,2019,48,70,197
Peru,2019,48,75,221
Peru,2019,48,80,277
Peru,2019,48,85,271
Peru,2019,48,90,190
Peru,2019,48,95,94
Peru,2019,49,0,114
Peru,2019,49,5,12
Peru,2019,49,10,14
Peru,2019,49,15,29
Peru,2019,49,20,40
Peru,2019,49,25,41
Peru,2019,49,30,45
Peru,2019,49,35,57
Peru,2019,49,40,56
Peru,2019,49,45,66
Peru,2019,49,50,98
Peru,2019,49,55,124
Peru,2019,49,60,139
Peru,2019,49,65,156
Peru,2019,49,70,211
Peru,2019,49,75,218
Peru,2019,49,80,261
Peru,2019,49,85,278
Peru,2019,49,90,181
Peru,2019,49,95,111
Peru,2019,50,0,109
Peru,2019,50,5,15
Peru,2019,50,10,19
Peru,2019,50,15,24
Peru,2019,50,20,42
Peru,2019,50,25,64
Peru,2019,50,30,45
Peru,2019,50,35,49
Peru,2019,50,40,66
Peru,2019,50,45,89
Peru,2019,50,50,89
Peru,2019,50,55,96
Peru,2019,50,60,130
Peru,2019,50,65,156
Peru,2019,50,70,223
Peru,2019,50,75,231
Peru,2019,50,80,262
Peru,2019,50,85,242
Peru,2019,50,90,176
Peru,2019,50,95,80
Peru,2019,51,0,116
Peru,2019,51,5,13
Peru,2019,51,10,15
Peru,2019,51,15,29
Peru,2019,51,20,27
Peru,2019,51,25,52
Peru,2019,51,30,45
Peru,2019,51,35,43
Peru,2019,51,40,86
Peru,2019,51,45,73
Peru,2019,51,50,81
Peru,2019,51,55,98
Peru,2019,51,60,145
Peru,2019,51,65,180
Peru,2019,51,70,175
Peru,2019,51,75,205
Peru,2019,51,80,247
Peru,2019,51,85,280
Peru,2019,51,90,190
Peru,2019,51,95,72
Peru,2019,52,0,120
Peru,2019,52,5,11
Peru,2019,52,10,10
Peru,2019,52,15,22
Peru,2019,52,20,31
Peru,2019,52,25,42
Peru,2019,52,30,59
Peru,2019,52,35,51
Peru,2019,52,40,69
Peru,2019,52,45,79
Peru,2019,52,50,98
Peru,2019,52,55,139
Peru,2019,52,60,137
Peru,2019,52,65,153
Peru,2019,52,70,221
Peru,2019,52,75,243
Peru,2019,52,80,280
Peru,2019,52,85,277
Peru,2019,52,90,191
Peru,2019,52,95,92
Peru,2020,1,0,113
Peru,2020,1,5,16
Peru,2020,1,10,15
Peru,2020,1,15,26
Peru,2020,1,20,38
Peru,2020,1,25,51
Peru,2020,1,30,63
Peru,2020,1,35,64
Peru,2020,1,40,73
Peru,2020,1,45,74
Peru,2020,1,50,92
Peru,2020,1,55,132
Peru,2020,1,60,132
Peru,2020,1,65,189
Peru,2020,1,70,236
Peru,2020,1,75,265
Peru,2020,1,80,274
Peru,2020,1,85,286
Peru,2020,1,90,185
Peru,2020,1,95,83
Peru,2020,2,0,127
Peru,2020,2,5,17
Peru,2020,2,10,18
Peru,2020,2,15,44
Peru,2020,2,20,40
Peru,2020,2,25,53
Peru,2020,2,30,53
Peru,2020,2,35,56
Peru,2020,2,40,80
Peru,2020,2,45,74
Peru,2020,2,50,90
Peru,2020,2,55,116
Peru,2020,2,60,165
Peru,2020,2,65,176
Peru,2020,2,70,213
Peru,2020,2,75,275
Peru,2020,2,80,290
Peru,2020,2,85,273
Peru,2020,2,90,188
Peru,2020,2,95,80
Peru,2020,3,0,129
Peru,2020,3,5,17
Peru,2020,3,10,18
Peru,2020,3,15,21
Peru,2020,3,20,47
Peru,2020,3,25,54
Peru,2020,3,30,57
Peru,2020,3,35,69
Peru,2020,3,40,68
Peru,2020,3,45,69
Peru,2020,3,50,109
Peru,2020,3,55,130
Peru,2020,3,60,149
Peru,2020,3,65,175
Peru,2020,3,70,165
Peru,2020,3,75,251
Peru,2020,3,80,272
Peru,2020,3,85,255
Peru,2020,3,90,171
Peru,2020,3,95,100
Peru,2020,4,0,114
Peru,2020,4,5,12
Peru,2020,4,10,20
Peru,2020,4,15,18
Peru,2020,4,20,39
Peru,2020,4,25,59
Peru,2020,4,30,47
Peru,2020,4,35,70
Peru,2020,4,40,67
Peru,2020,4,45,72
Peru,2020,4,50,114
Peru,2020,4,55,107
Peru,2020,4,60,138
Peru,2020,4,65,182
Peru,2020,4,70,193
Peru,2020,4,75,245
Peru,2020,4,80,273
Peru,2020,4,85,287
Peru,2020,4,90,200
Peru,2020,4,95,99
Peru,2020,5,0,118
Peru,2020,5,5,8
Peru,2020,5,10,16
Peru,2020,5,15,21
Peru,2020,5,20,48
Peru,2020,5,25,48
Peru,2020,5,30,50
Peru,2020,5,35,63
Peru,2020,5,40,59
Peru,2020,5,45,80
Peru,2020,5,50,75
Peru,2020,5,55,120
Peru,2020,5,60,141
Peru,2020,5,65,157
Peru,2020,5,70,221
Peru,2020,5,75,245
Peru,2020,5,80,275
Peru,2020,5,85,255
Peru,2020,5,90,166
Peru,2020,5,95,89
Peru,2020,6,0,129
Peru,2020,6,5,16
Peru,2020,6,10,20
Peru,2020,6,15,21
Peru,2020,6,20,33
Peru,2020,6,25,56
Peru,2020,6,30,49
Peru,2020,6,35,57
Peru,2020,6,40,53
Peru,2020,6,45,88
Peru,2020,6,50,111
Peru,2020,6,55,106
Peru,2020,6,60,128
Peru,2020,6,65,170
Peru,2020,6,70,240
Peru,2020,6,75,239
Peru,2020,6,80,272
Peru,2020,6,85,257
Peru,2020,6,90,175
Peru,2020,6,95,108
Peru,2020,7,0,124
Peru,2020,7,5,20
Peru,2020,7,10,18
Peru,2020,7,15,22
Peru,2020,7,20,44
Peru,2020,7,25,44
Peru,2020,7,30,63
Peru,2020,7,35,76
Peru,2020,7,40,73
Peru,2020,7,45,71
Peru,2020,7,50,100
Peru,2020,7,55,93
Peru,2020,7,60,129
Peru,2020,7,65,164
Peru,2020,7,70,208
Peru,2020,7,75,227
Peru,2020,7,80,291
Peru,2020,7,85,285
Peru,2020,7,90,209
Peru,2020,7,95,91
Peru,2020,8,0,110
Peru,2020,8,5,16
Peru,2020,8,10,14
Peru,2020,8,15,24
Peru,2020,8,20,46
Peru,2020,8,25,41
Peru,2020,8,30,44
Peru,2020,8,35,62
Peru,2020,8,40,55
Peru,2020,8,45,75
Peru,2020,8,50,95
Peru,2020,8,55,124
Peru,2020,8,60,143
Peru,2020,8,65,164
Peru,2020,8,70,208
Peru,2020,8,75,274
Peru,2020,8,80,274
Peru,2020,8,85,282
Peru,2020,8,90,194
Peru,2020,8,95,99
Peru,2020,9,0,111
Peru,2020,9,5,18
Peru,2020,9,10,16
Peru,2020,9,15,27
Peru,2020,9,20,48
Peru,2020,9,25,47
Peru,2020,9,30,52
Peru,2020,9,35,54
Peru,2020,9,40,58
Peru,2020,9,45,64
Peru,2020,9,50,103
Peru,2020,9,55,127
Peru,2020,9,60,141
Peru,2020,9,65,167
Peru,2020,9,70,238
Peru,2020,9,75,227
Peru,2020,9,80,290
Peru,2020,9,85,305
Peru,2020,9,90,205
Peru,2020,9,95,118
Peru,2020,10,0,115
Peru,2020,10,5,19
Peru,2020,10,10,18
Peru,2020,10,15,18
Peru,2020,10,20,49
Peru,2020,10,25,36
Peru,2020,10,30,44
Peru,2020,10,35,53
Peru,2020,10,40,75
Peru,2020,10,45,72
Peru,2020,10,50,109
Peru,2020,10,55,109
Peru,2020,10,60,141
Peru,2020,10,65,187
Peru,2020,10,70,224
Peru,2020,10,75,238
Peru,2020,10,80,277
Peru,2020,10,85,303
Peru,2020,10,90,227
Peru,2020,10,95,94
Peru,2020,11,0,102
Peru,2020,11,5,15
Peru,2020,11,10,15
Peru,2020,11,15,25
Peru,2020,11,20,32
Peru,2020,11,25,39
Peru,2020,11,30,46
Peru,2020,11,35,56
Peru,2020,11,40,68
Peru,2020,11,45,71
Peru,2020,11,50,114
Peru,2020,11,55,130
Peru,2020,11,60,183
Peru,2020,11,65,191
Peru,2020,11,70,212
Peru,2020,11,75,258
Peru,2020,11,80,284
Peru,2020,11,85,319
Peru,2020,11,90,222
Peru,2020,11,95,87
Peru,2020,12,0,79
Peru,2020,12,5,12
Peru,2020,12,10,12
Peru,2020,12,15,20
Peru,2020,12,20,18
Peru,2020,12,25,32
Peru,2020,12,30,35
Peru,2020,12,35,36
Peru,2020,12,40,52
Peru,2020,12,45,74
Peru,2020,12,50,73
Peru,2020,12,55,124
Peru,2020,12,60,145
Peru,2020,12,65,165
Peru,2020,12,70,203
Peru,2020,12,75,209
Peru,2020,12,80,336
Peru,2020,12,85,266
Peru,2020,12,90,195
Peru,2020,12,95,98
Peru,2020,13,0,69
Peru,2020,13,5,14
Peru,2020,13,10,12
Peru,2020,13,15,17
Peru,2020,13,20,14
Peru,2020,13,25,33
Peru,2020,13,30,29
Peru,2020,13,35,47
Peru,2020,13,40,59
Peru,2020,13,45,53
Peru,2020,13,50,76
Peru,2020,13,55,104
Peru,2020,13,60,137
Peru,2020,13,65,155
Peru,2020,13,70,202
Peru,2020,13,75,245
Peru,2020,13,80,295
Peru,2020,13,85,290
Peru,2020,13,90,198
Peru,2020,13,95,102
Peru,2020,14,0,89
Peru,2020,14,5,13
Peru,2020,14,10,14
Peru,2020,14,15,27
Peru,2020,14,20,22
Peru,2020,14,25,24
Peru,2020,14,30,37
Peru,2020,14,35,53
Peru,2020,14,40,57
Peru,2020,14,45,78
Peru,2020,14,50,100
Peru,2020,14,55,150
Peru,2020,14,60,154
Peru,2020,14,65,181
Peru,2020,14,70,208
Peru,2020,14,75,274
Peru,2020,14,80,292
Peru,2020,14,85,319
Peru,2020,14,90,201
Peru,2020,14,95,94
Peru,2020,15,0,67
Peru,2020,15,5,7
Peru,2020,15,10,14
Peru,2020,15,15,16
Peru,2020,15,20,23
Peru,2020,15,25,36
Peru,2020,15,30,50
Peru,2020,15,35,47
Peru,2020,15,40,71
Peru,2020,15,45,84
Peru,2020,15,50,117
Peru,2020,15,55,153
Peru,2020,15,60,172
Peru,2020,15,65,198
Peru,2020,15,70,259
Peru,2020,15,75,277
Peru,2020,15,80,351
Peru,2020,15,85,278
Peru,2020,15,90,208
Peru,2020,15,95,84
Peru,2020,16,0,76
Peru,2020,16,5,9
Peru,2020,16,10,22
Peru,2020,16,15,26
Peru,2020,16,20,32
Peru,2020,16,25,27
Peru,2020,16,30,43
Peru,2020,16,35,62
Peru,2020,16,40,106
Peru,2020,16,45,113
Peru,2020,16,50,161
Peru,2020,16,55,196
Peru,2020,16,60,247
Peru,2020,16,65,313
Peru,2020,16,70,300
Peru,2020,16,75,317
Peru,2020,16,80,366
Peru,2020,16,85,366
Peru,2020,16,90,226
Peru,2020,16,95,90
Peru,2020,17,0,96
Peru,2020,17,5,8
Peru,2020,17,10,15
Peru,2020,17,15,18
Peru,2020,17,20,49
Peru,2020,17,25,39
Peru,2020,17,30,63
Peru,2020,17,35,74
Peru,2020,17,40,104
Peru,2020,17,45,138
Peru,2020,17,50,196
Peru,2020,17,55,264
Peru,2020,17,60,363
Peru,2020,17,65,433
Peru,2020,17,70,444
Peru,2020,17,75,437
Peru,2020,17,80,432
Peru,2020,17,85,370
Peru,2020,17,90,230
Peru,2020,17,95,110
Peru,2020,18,0,69
Peru,2020,18,5,13
Peru,2020,18,10,12
Peru,2020,18,15,26
Peru,2020,18,20,35
Peru,2020,18,25,43
Peru,2020,18,30,70
Peru,2020,18,35,88
Peru,2020,18,40,143
Peru,2020,18,45,175
Peru,2020,18,50,264
Peru,2020,18,55,386
Peru,2020,18,60,494
Peru,2020,18,65,545
Peru,2020,18,70,533
Peru,2020,18,75,535
Peru,2020,18,80,492
Peru,2020,18,85,444
Peru,2020,18,90,298
Peru,2020,18,95,93
Peru,2020,19,0,101
Peru,2020,19,5,10
Peru,2020,19,10,14
Peru,2020,19,15,19
Peru,2020,19,20,32
Peru,2020,19,25,43
Peru,2020,19,30,62
Peru,2020,19,35,104
Peru,2020,19,40,151
Peru,2020,19,45,207
Peru,2020,19,50,301
Peru,2020,19,55,426
Peru,2020,19,60,564
Peru,2020,19,65,640
Peru,2020,19,70,692
Peru,2020,19,75,591
Peru,2020,19,80,613
Peru,2020,19,85,467
Peru,2020,19,90,308
Peru,2020,19,95,103
Peru,2020,20,0,86
Peru,2020,20,5,8
Peru,2020,20,10,18
Peru,2020,20,15,27
Peru,2020,20,20,38
Peru,2020,20,25,45
Peru,2020,20,30,86
Peru,2020,20,35,89
Peru,2020,20,40,164
Peru,2020,20,45,236
Peru,2020,20,50,313
Peru,2020,20,55,462
Peru,2020,20,60,595
Peru,2020,20,65,718
Peru,2020,20,70,721
Peru,2020,20,75,689
Peru,2020,20,80,670
Peru,2020,20,85,537
Peru,2020,20,90,343
Peru,2020,20,95,123
Peru,2020,21,0,76
Peru,2020,21,5,11
Peru,2020,21,10,19
Peru,2020,21,15,18
Peru,2020,21,20,37
Peru,2020,21,25,51
Peru,2020,21,30,68
Peru,2020,21,35,107
Peru,2020,21,40,182
Peru,2020,21,45,253
Peru,2020,21,50,396
Peru,2020,21,55,457
Peru,2020,21,60,655
Peru,2020,21,65,749
Peru,2020,21,70,762
Peru,2020,21,75,745
Peru,2020,21,80,684
Peru,2020,21,85,565
Peru,2020,21,90,369
Peru,2020,21,95,144
Peru,2020,22,0,85
Peru,2020,22,5,14
Peru,2020,22,10,20
Peru,2020,22,15,21
Peru,2020,22,20,44
Peru,2020,22,25,66
Peru,2020,22,30,66
Peru,2020,22,35,111
Peru,2020,22,40,190
Peru,2020,22,45,256
Peru,2020,22,50,361
Peru,2020,22,55,504
Peru,2020,22,60,629
Peru,2020,22,65,768
Peru,2020,22,70,807
Peru,2020,22,75,760
Peru,2020,22,80,719
Peru,2020,22,85,621
Peru,2020,22,90,359
Peru,2020,22,95,152
Peru,2020,23,0,94
Peru,2020,23,5,7
Peru,2020,23,10,14
Peru,2020,23,15,21
Peru,2020,23,20,33
Peru,2020,23,25,63
Peru,2020,23,30,68
Peru,2020,23,35,117
Peru,2020,23,40,188
Peru,2020,23,45,288
Peru,2020,23,50,417
Peru,2020,23,55,527
Peru,2020,23,60,663
Peru,2020,23,65,743
Peru,2020,23,70,780
Peru,2020,23,75,786
Peru,2020,23,80,755
Peru,2020,23,85,567
Peru,2020,23,90,383
Peru,2020,23,95,137
Peru,2020,24,0,94
Peru,2020,24,5,13
Peru,2020,24,10,16
Peru,2020,24,15,27
Peru,2020,24,20,48
Peru,2020,24,25,47
Peru,2020,24,30,97
Peru,2020,24,35,130
Peru,2020,24,40,191
Peru,2020,24,45,268
Peru,2020,24,50,386
Peru,2020,24,55,547
Peru,2020,24,60,690
Peru,2020,24,65,751
Peru,2020,24,70,778
Peru,2020,24,75,784
Peru,2020,24,80,721
Peru,2020,24,85,623
Peru,2020,24,90,364
Peru,2020,24,95,148
Peru,2020,25,0,111
Peru,2020,25,5,8
Peru,2020,25,10,15
Peru,2020,25,15,27
Peru,2020,25,20,37
Peru,2020,25,25,64
Peru,2020,25,30,88
Peru,2020,25,35,126
Peru,2020,25,40,172
Peru,2020,25,45,251
Peru,2020,25,50,377
Peru,2020,25,55,526
Peru,2020,25,60,682
Peru,2020,25,65,749
Peru,2020,25,70,802
Peru,2020,25,75,741
Peru,2020,25,80,710
Peru,2020,25,85,637
Peru,2020,25,90,315
Peru,2020,25,95,155
Peru,2020,26,0,95
Peru,2020,26,5,15
Peru,2020,26,10,21
Peru,2020,26,15,21
Peru,2020,26,20,43
Peru,2020,26,25,50
Peru,2020,26,30,67
Peru,2020,26,35,138
Peru,2020,26,40,178
Peru,2020,26,45,260
Peru,2020,26,50,334
Peru,2020,26,55,475
Peru,2020,26,60,603
Peru,2020,26,65,698
Peru,2020,26,70,657
Peru,2020,26,75,721
Peru,2020,26,80,725
Peru,2020,26,85,566
Peru,2020,26,90,351
Peru,2020,26,95,142
Peru,2020,27,0,92
Peru,2020,27,5,8
Peru,2020,27,10,14
Peru,2020,27,15,31
Peru,2020,27,20,46
Peru,2020,27,25,39
Peru,2020,27,30,78
Peru,2020,27,35,119
Peru,2020,27,40,169
Peru,2020,27,45,240
Peru,2020,27,50,376
Peru,2020,27,55,455
Peru,2020,27,60,636
Peru,2020,27,65,679
Peru,2020,27,70,787
Peru,2020,27,75,683
Peru,2020,27,80,692
Peru,2020,27,85,598
Peru,2020,27,90,331
Peru,2020,27,95,164
Peru,2020,28,0,97
Peru,2020,28,5,9
Peru,2020,28,10,18
Peru,2020,28,15,26
Peru,2020,28,20,38
Peru,2020,28,25,62
Peru,2020,28,30,69
Peru,2020,28,35,106
Peru,2020,28,40,208
Peru,2020,28,45,246
Peru,2020,28,50,386
Peru,2020,28,55,507
Peru,2020,28,60,614
Peru,2020,28,65,709
Peru,2020,28,70,760
Peru,2020,28,75,768
Peru,2020,28,80,749
Peru,2020,28,85,609
Peru,2020,28,90,357
Peru,2020,28,95,154
Peru,2020,29,0,91
Peru,2020,29,5,13
Peru,2020,29,10,12
Peru,2020,29,15,24
Peru,2020,29,20,44
Peru,2020,29,25,65
Peru,2020,29,30,88
Peru,2020,29,35,129
Peru,2020,29,40,195
Peru,2020,29,45,266
Peru,2020,29,50,368
Peru,2020,29,55,546
Peru,2020,29,60,656
Peru,2020,29,65,789
Peru,2020,29,70,804
Peru,2020,29,75,762
Peru,2020,29,80,715
Peru,2020,29,85,635
Peru,2020,29,90,392
Peru,2020,29,95,165
Peru,2020,30,0,80
Peru,2020,30,5,13
Peru,2020,30,10,20
Peru,2020,30,15,19
Peru,2020,30,20,47
Peru,2020,30,25,54
Peru,2020,30,30,68
Peru,2020,30,35,107
Peru,2020,30,40,180
Peru,2020,30,45,274
Peru,2020,30,50,378
Peru,2020,30,55,559
Peru,2020,30,60,695
Peru,2020,30,65,800
Peru,2020,30,70,754
Peru,2020,30,75,761
Peru,2020,30,80,795
Peru,2020,30,85,628
Peru,2020,30,90,370
Peru,2020,30,95,176
Peru,2020,31,0,85
Peru,2020,31,5,12
Peru,2020,31,10,18
Peru,2020,31,15,27
Peru,2020,31,20,42
Peru,2020,31,25,45
Peru,2020,31,30,64
Peru,2020,31,35,123
Peru,2020,31,40,186
Peru,2020,31,45,259
Peru,2020,31,50,401
Peru,2020,31,55,526
Peru,2020,31,60,716
Peru,2020,31,65,784
Peru,2020,31,70,815
Peru,2020,31,75,814
Peru,2020,31,80,771
Peru,2020,31,85,643
Peru,2020,31,90,409
Peru,2020,31,95,172
Peru,2020,32,0,98
Peru,2020,32,5,6
Peru,2020,32,10,16
Peru,2020,32,15,31
Peru,2020,32,20,55
Peru,2020,32,25,64
Peru,2020,32,30,85
Peru,2020,32,35,115
Peru,2020,32,40,192
Peru,2020,32,45,298
Peru,2020,32,50,421
Peru,2020,32,55,601
Peru,2020,32,60,678
Peru,2020,32,65,847
Peru,2020,32,70,833
Peru,2020,32,75,755
Peru,2020,32,80,769
Peru,2020,32,85,677
Peru,2020,32,90,415
Peru,2020,32,95,170
Peru,2020,33,0,81
Peru,2020,33,5,12
Peru,2020,33,10,19
Peru,2020,33,15,24
Peru,2020,33,20,48
Peru,2020,33,25,62
Peru,2020,33,30,86
Peru,2020,33,35,113
Peru,2020,33,40,156
Peru,2020,33,45,272
Peru,2020,33,50,373
Peru,2020,33,55,531
Peru,2020,33,60,669
Peru,2020,33,65,762
Peru,2020,33,70,790
Peru,2020,33,75,760
Peru,2020,33,80,714
Peru,2020,33,85,672
Peru,2020,33,90,388
Peru,2020,33,95,183
Peru,2020,34,0,94
Peru,2020,34,5,14
Peru,2020,34,10,13
Peru,2020,34,15,30
Peru,2020,34,20,50
Peru,2020,34,25,49
Peru,2020,34,30,74
Peru,2020,34,35,107
Peru,2020,34,40,148
Peru,2020,34,45,248
Peru,2020,34,50,333
Peru,2020,34,55,452
Peru,2020,34,60,582
Peru,2020,34,65,664
Peru,2020,34,70,785
Peru,2020,34,75,686
Peru,2020,34,80,709
Peru,2020,34,85,568
Peru,2020,34,90,346
Peru,2020,34,95,177
Peru,2020,35,0,105
Peru,2020,35,5,13
Peru,2020,35,10,14
Peru,2020,35,15,18
Peru,2020,35,20,54
Peru,2020,35,25,41
Peru,2020,35,30,88
Peru,2020,35,35,75
Peru,2020,35,40,135
Peru,2020,35,45,220
Peru,2020,35,50,280
Peru,2020,35,55,392
Peru,2020,35,60,519
Peru,2020,35,65,623
Peru,2020,35,70,625
Peru,2020,35,75,635
Peru,2020,35,80,643
Peru,2020,35,85,590
Peru,2020,35,90,341
Peru,2020,35,95,168
Peru,2020,36,0,109
Peru,2020,36,5,21
Peru,2020,36,10,11
Peru,2020,36,15,27
Peru,2020,36,20,30
Peru,2020,36,25,56
Peru,2020,36,30,78
Peru,2020,36,35,92
Peru,2020,36,40,139
Peru,2020,36,45,186
Peru,2020,36,50,224
Peru,2020,36,55,323
Peru,2020,36,60,428
Peru,2020,36,65,479
Peru,2020,36,70,543
Peru,2020,36,75,565
Peru,2020,36,80,508
Peru,2020,36,85,484
Peru,2020,36,90,299
Peru,2020,36,95,127
Peru,2020,37,0,99
Peru,2020,37,5,13
Peru,2020,37,10,17
Peru,2020,37,15,34
Peru,2020,37,20,39
Peru,2020,37,25,41
Peru,2020,37,30,53
Peru,2020,37,35,95
Peru,2020,37,40,119
Peru,2020,37,45,148
Peru,2020,37,50,204
Peru,2020,37,55,301
Peru,2020,37,60,401
Peru,2020,37,65,429
Peru,2020,37,70,440
Peru,2020,37,75,470
Peru,2020,37,80,497
Peru,2020,37,85,459
Peru,2020,37,90,283
Peru,2020,37,95,134
Peru,2020,38,0,74
Peru,2020,38,5,18
Peru,2020,38,10,14
Peru,2020,38,15,28
Peru,2020,38,20,43
Peru,2020,38,25,50
Peru,2020,38,30,53
Peru,2020,38,35,85
Peru,2020,38,40,106
Peru,2020,38,45,125
Peru,2020,38,50,191
Peru,2020,38,55,224
Peru,2020,38,60,344
Peru,2020,38,65,389
Peru,2020,38,70,419
Peru,2020,38,75,461
Peru,2020,38,80,456
Peru,2020,38,85,391
Peru,2020,38,90,285
Peru,2020,38,95,129
Peru,2020,39,0,96
Peru,2020,39,5,13
Peru,2020,39,10,20
Peru,2020,39,15,21
Peru,2020,39,20,51
Peru,2020,39,25,62
Peru,2020,39,30,62
Peru,2020,39,35,69
Peru,2020,39,40,95
Peru,2020,39,45,107
Peru,2020,39,50,180
Peru,2020,39,55,217
Peru,2020,39,60,290
Peru,2020,39,65,341
Peru,2020,39,70,361
Peru,2020,39,75,398
Peru,2020,39,80,400
Peru,2020,39,85,365
Peru,2020,39,90,228
Peru,2020,39,95,108
Peru,2020,40,0,98
Peru,2020,40,5,8
Peru,2020,40,10,21
Peru,2020,40,15,18
Peru,2020,40,20,38
Peru,2020,40,25,54
Peru,2020,40,30,62
Peru,2020,40,35,67
Peru,2020,40,40,72
Peru,2020,40,45,117
Peru,2020,40,50,151
Peru,2020,40,55,197
Peru,2020,40,60,284
Peru,2020,40,65,311
Peru,2020,40,70,356
Peru,2020,40,75,308
Peru,2020,40,80,357
Peru,2020,40,85,355
Peru,2020,40,90,245
Peru,2020,40,95,114
Peru,2020,41,0,88
Peru,2020,41,5,13
Peru,2020,41,10,13
Peru,2020,41,15,29
Peru,2020,41,20,48
Peru,2020,41,25,52
Peru,2020,41,30,41
Peru,2020,41,35,69
Peru,2020,41,40,89
Peru,2020,41,45,106
Peru,2020,41,50,154
Peru,2020,41,55,174
Peru,2020,41,60,220
Peru,2020,41,65,289
Peru,2020,41,70,316
Peru,2020,41,75,342
Peru,2020,41,80,378
Peru,2020,41,85,364
Peru,2020,41,90,253
Peru,2020,41,95,112
Peru,2020,42,0,107
Peru,2020,42,5,11
Peru,2020,42,10,22
Peru,2020,42,15,28
Peru,2020,42,20,45
Peru,2020,42,25,53
Peru,2020,42,30,55
Peru,2020,42,35,69
Peru,2020,42,40,114
Peru,2020,42,45,133
Peru,2020,42,50,139
Peru,2020,42,55,172
Peru,2020,42,60,191
Peru,2020,42,65,269
Peru,2020,42,70,294
Peru,2020,42,75,302
Peru,2020,42,80,358
Peru,2020,42,85,313
Peru,2020,42,90,213
Peru,2020,42,95,110
Peru,2020,43,0,101
Peru,2020,43,5,11
Peru,2020,43,10,11
Peru,2020,43,15,34
Peru,2020,43,20,44
Peru,2020,43,25,53
Peru,2020,43,30,59
Peru,2020,43,35,63
Peru,2020,43,40,77
Peru,2020,43,45,111
Peru,2020,43,50,120
Peru,2020,43,55,160
Peru,2020,43,60,201
Peru,2020,43,65,279
Peru,2020,43,70,290
Peru,2020,43,75,306
Peru,2020,43,80,362
Peru,2020,43,85,334
Peru,2020,43,90,244
Peru,2020,43,95,102
Peru,2020,44,0,94
Peru,2020,44,5,19
Peru,2020,44,10,18
Peru,2020,44,15,23
Peru,2020,44,20,33
Peru,2020,44,25,37
Peru,2020,44,30,48
Peru,2020,44,35,57
Peru,2020,44,40,70
Peru,2020,44,45,112
Peru,2020,44,50,117
Peru,2020,44,55,157
Peru,2020,44,60,196
Peru,2020,44,65,244
Peru,2020,44,70,263
Peru,2020,44,75,310
Peru,2020,44,80,379
Peru,2020,44,85,314
Peru,2020,44,90,210
Peru,2020,44,95,96
Peru,2020,45,0,101
Peru,2020,45,5,13
Peru,2020,45,10,15
Peru,2020,45,15,32
Peru,2020,45,20,45
Peru,2020,45,25,52
Peru,2020,45,30,55
Peru,2020,45,35,71
Peru,2020,45,40,79
Peru,2020,45,45,109
Peru,2020,45,50,127
Peru,2020,45,55,171
Peru,2020,45,60,187
Peru,2020,45,65,239
Peru,2020,45,70,284
Peru,2020,45,75,319
Peru,2020,45,80,338
Peru,2020,45,85,344
Peru,2020,45,90,202
Peru,2020,45,95,84
Peru,2020,46,0,108
Peru,2020,46,5,16
Peru,2020,46,10,22
Peru,2020,46,15,27
Peru,2020,46,20,37
Peru,2020,46,25,52
Peru,2020,46,30,60
Peru,2020,46,35,65
Peru,2020,46,40,85
Peru,2020,46,45,77
Peru,2020,46,50,115
Peru,2020,46,55,166
Peru,2020,46,60,221
Peru,2020,46,65,274
Peru,2020,46,70,274
Peru,2020,46,75,288
Peru,2020,46,80,332
Peru,2020,46,85,292
Peru,2020,46,90,250
Peru,2020,46,95,92
Peru,2020,47,0,90
Peru,2020,47,5,16
Peru,2020,47,10,14
Peru,2020,47,15,38
Peru,2020,47,20,42
Peru,2020,47,25,51
Peru,2020,47,30,47
Peru,2020,47,35,64
Peru,2020,47,40,74
Peru,2020,47,45,113
Peru,2020,47,50,91
Peru,2020,47,55,125
Peru,2020,47,60,173
Peru,2020,47,65,232
Peru,2020,47,70,278
Peru,2020,47,75,314
Peru,2020,47,80,359
Peru,2020,47,85,327
Peru,2020,47,90,208
Peru,2020,47,95,101
Peru,2020,48,0,88
Peru,2020,48,5,12
Peru,2020,48,10,12
Peru,2020,48,15,22
Peru,2020,48,20,39
Peru,2020,48,25,35
Peru,2020,48,30,41
Peru,2020,48,35,63
Peru,2020,48,40,62
Peru,2020,48,45,96
Peru,2020,48,50,121
Peru,2020,48,55,135
Peru,2020,48,60,187
Peru,2020,48,65,223
Peru,2020,48,70,246
Peru,2020,48,75,338
Peru,2020,48,80,315
Peru,2020,48,85,292
Peru,2020,48,90,209
Peru,2020,48,95,93
Peru,2020,49,0,94
Peru,2020,49,5,21
Peru,2020,49,10,14
Peru,2020,49,15,27
Peru,2020,49,20,29
Peru,2020,49,25,48
Peru,2020,49,30,52
Peru,2020,49,35,65
Peru,2020,49,40,70
Peru,2020,49,45,84
Peru,2020,49,50,102
Peru,2020,49,55,145
Peru,2020,49,60,218
Peru,2020,49,65,244
Peru,2020,49,70,260
Peru,2020,49,75,315
Peru,2020,49,80,354
Peru,2020,49,85,348
Peru,2020,49,90,213
Peru,2020,49,95,93
Peru,2020,50,0,108
Peru,2020,50,5,16
Peru,2020,50,10,17
Peru,2020,50,15,27
Peru,2020,50,20,29
Peru,2020,50,25,42
Peru,2020,50,30,50
Peru,2020,50,35,56
Peru,2020,50,40,93
Peru,2020,50,45,98
Peru,2020,50,50,114
Peru,2020,50,55,136
Peru,2020,50,60,222
Peru,2020,50,65,289
Peru,2020,50,70,285
Peru,2020,50,75,333
Peru,2020,50,80,355
Peru,2020,50,85,319
Peru,2020,50,90,251
Peru,2020,50,95,124
Peru,2020,51,0,96
Peru,2020,51,5,13
Peru,2020,51,10,23
Peru,2020,51,15,34
Peru,2020,51,20,35
Peru,2020,51,25,54
Peru,2020,51,30,55
Peru,2020,51,35,55
Peru,2020,51,40,88
Peru,2020,51,45,113
Peru,2020,51,50,140
Peru,2020,51,55,147
Peru,2020,51,60,249
Peru,2020,51,65,298
Peru,2020,51,70,308
Peru,2020,51,75,387
Peru,2020,51,80,370
Peru,2020,51,85,359
Peru,2020,51,90,229
Peru,2020,51,95,95
Peru,2020,52,0,110
Peru,2020,52,5,25
Peru,2020,52,10,9
Peru,2020,52,15,36
Peru,2020,52,20,58
Peru,2020,52,25,47
Peru,2020,52,30,56
Peru,2020,52,35,65
Peru,2020,52,40,79
Peru,2020,52,45,124
Peru,2020,52,50,170
Peru,2020,52,55,188
Peru,2020,52,60,219
Peru,2020,52,65,296
Peru,2020,52,70,339
Peru,2020,52,75,361
Peru,2020,52,80,371
Peru,2020,52,85,330
Peru,2020,52,90,257
Peru,2020,52,95,116
Peru,2020,53,0,90
Peru,2020,53,5,19
Peru,2020,53,10,9
Peru,2020,53,15,29
Peru,2020,53,20,43
Peru,2020,53,25,44
Peru,2020,53,30,63
Peru,2020,53,35,74
Peru,2020,53,40,108
Peru,2020,53,45,121
Peru,2020,53,50,142
Peru,2020,53,55,236
Peru,2020,53,60,274
Peru,2020,53,65,314
Peru,2020,53,70,385
Peru,2020,53,75,386
Peru,2020,53,80,419
Peru,2020,53,85,362
Peru,2020,53,90,238
Peru,2020,53,95,134
Peru,2021,1,0,113
Peru,2021,1,5,8
Peru,2021,1,10,13
Peru,2021,1,15,28
Peru,2021,1,20,49
Peru,2021,1,25,60
Peru,2021,1,30,58
Peru,2021,1,35,81
Peru,2021,1,40,95
Peru,2021,1,45,131
Peru,2021,1,50,181
Peru,2021,1,55,264
Peru,2021,1,60,335
Peru,2021,1,65,370
Peru,2021,1,70,453
Peru,2021,1,75,456
Peru,2021,1,80,439
Peru,2021,1,85,387
Peru,2021,1,90,278
Peru,2021,1,95,128
Peru,2021,2,0,126
Peru,2021,2,5,14
Peru,2021,2,10,22
Peru,2021,2,15,27
Peru,2021,2,20,52
Peru,2021,2,25,58
Peru,2021,2,30,59
Peru,2021,2,35,92
Peru,2021,2,40,97
Peru,2021,2,45,168
Peru,2021,2,50,228
Peru,2021,2,55,277
Peru,2021,2,60,381
Peru,2021,2,65,487
Peru,2021,2,70,553
Peru,2021,2,75,526
Peru,2021,2,80,513
Peru,2021,2,85,465
Peru,2021,2,90,288
Peru,2021,2,95,142
Peru,2021,3,0,126
Peru,2021,3,5,15
Peru,2021,3,10,18
Peru,2021,3,15,23
Peru,2021,3,20,47
Peru,2021,3,25,57
Peru,2021,3,30,75
Peru,2021,3,35,112
Peru,2021,3,40,132
Peru,2021,3,45,212
Peru,2021,3,50,298
Peru,2021,3,55,437
Peru,2021,3,60,540
Peru,2021,3,65,626
Peru,2021,3,70,651
Peru,2021,3,75,632
Peru,2021,3,80,665
Peru,2021,3,85,513
Peru,2021,3,90,321
Peru,2021,3,95,149
Peru,2021,4,0,107
Peru,2021,4,5,11
Peru,2021,4,10,19
Peru,2021,4,15,45
Peru,2021,4,20,48
Peru,2021,4,25,50
Peru,2021,4,30,95
Peru,2021,4,35,137
Peru,2021,4,40,177
Peru,2021,4,45,259
Peru,2021,4,50,391
Peru,2021,4,55,552
Peru,2021,4,60,654
Peru,2021,4,65,738
Peru,2021,4,70,750
Peru,2021,4,75,707
Peru,2021,4,80,719
Peru,2021,4,85,647
Peru,2021,4,90,374
Peru,2021,4,95,156
Peru,2021,5,0,93
Peru,2021,5,5,16
Peru,2021,5,10,14
Peru,2021,5,15,33
Peru,2021,5,20,51
Peru,2021,5,25,55
Peru,2021,5,30,91
Peru,2021,5,35,124
Peru,2021,5,40,224
Peru,2021,5,45,288
Peru,2021,5,50,418
Peru,2021,5,55,603
Peru,2021,5,60,654
Peru,2021,5,65,788
Peru,2021,5,70,806
Peru,2021,5,75,810
Peru,2021,5,80,717
Peru,2021,5,85,614
Peru,2021,5,90,391
Peru,2021,5,95,150
Peru,2021,6,0,106
Peru,2021,6,5,12
Peru,2021,6,10,11
Peru,2021,6,15,33
Peru,2021,6,20,50
Peru,2021,6,25,77
Peru,2021,6,30,106
Peru,2021,6,35,143
Peru,2021,6,40,262
Peru,2021,6,45,323
Peru,2021,6,50,438
Peru,2021,6,55,639
Peru,2021,6,60,824
Peru,2021,6,65,846
Peru,2021,6,70,945
Peru,2021,6,75,833
Peru,2021,6,80,743
Peru,2021,6,85,617
Peru,2021,6,90,423
Peru,2021,6,95,186
Peru,2021,7,0,103
Peru,2021,7,5,7
Peru,2021,7,10,21
Peru,2021,7,15,37
Peru,2021,7,20,56
Peru,2021,7,25,79
Peru,2021,7,30,104
Peru,2021,7,35,165
Peru,2021,7,40,238
Peru,2021,7,45,332
Peru,2021,7,50,464
Peru,2021,7,55,631
Peru,2021,7,60,750
Peru,2021,7,65,843
Peru,2021,7,70,857
Peru,2021,7,75,863
Peru,2021,7,80,771
Peru,2021,7,85,707
Peru,2021,7,90,417
Peru,2021,7,95,183
Peru,2021,8,0,85
Peru,2021,8,5,15
Peru,2021,8,10,20
Peru,2021,8,15,29
Peru,2021,8,20,51
Peru,2021,8,25,86
Peru,2021,8,30,109
Peru,2021,8,35,162
Peru,2021,8,40,243
Peru,2021,8,45,334
Peru,2021,8,50,493
Peru,2021,8,55,582
Peru,2021,8,60,761
Peru,2021,8,65,848
Peru,2021,8,70,830
Peru,2021,8,75,810
Peru,2021,8,80,755
Peru,2021,8,85,582
Peru,2021,8,90,365
Peru,2021,8,95,159
Peru,2021,9,0,97
Peru,2021,9,5,18
Peru,2021,9,10,19
Peru,2021,9,15,37
Peru,2021,9,20,48
Peru,2021,9,25,78
Peru,2021,9,30,110
Peru,2021,9,35,158
Peru,2021,9,40,245
Peru,2021,9,45,333
Peru,2021,9,50,402
Peru,2021,9,55,566
Peru,2021,9,60,745
Peru,2021,9,65,767
Peru,2021,9,70,821
Peru,2021,9,75,844
Peru,2021,9,80,781
Peru,2021,9,85,647
Peru,2021,9,90,444
Peru,2021,9,95,159
Peru,2021,10,0,110
Peru,2021,10,5,13
Peru,2021,10,10,20
Peru,2021,10,15,23
Peru,2021,10,20,47
Peru,2021,10,25,80
Peru,2021,10,30,110
Peru,2021,10,35,169
Peru,2021,10,40,226
Peru,2021,10,45,329
Peru,2021,10,50,451
Peru,2021,10,55,560
Peru,2021,10,60,747
Peru,2021,10,65,765
Peru,2021,10,70,786
Peru,2021,10,75,771
Peru,2021,10,80,791
Peru,2021,10,85,646
Peru,2021,10,90,393
Peru,2021,10,95,149
Peru,2021,11,0,62
Peru,2021,11,5,8
Peru,2021,11,10,6
Peru,2021,11,15,19
Peru,2021,11,20,22
Peru,2021,11,25,42
Peru,2021,11,30,58
Peru,2021,11,35,115
Peru,2021,11,40,170
Peru,2021,11,45,225
Peru,2021,11,50,287
Peru,2021,11,55,347
Peru,2021,11,60,465
Peru,2021,11,65,533
Peru,2021,11,70,550
Peru,2021,11,75,500
Peru,2021,11,80,457
Peru,2021,11,85,396
Peru,2021,11,90,238
Peru,2021,11,95,109
